id,timestamp,food,commit,count,out,auth,url,message
1,2022-02-02,65,,,,,,
1,2022-02-02,,1,,,,,
1,2022-02-02,,1,,,,,
1,2022-02-02,,1,,,,,
1,2022-02-02,,,,,,,1
1,2022-02-02,,,,,,,1
1,2022-02-02,,,,,,,1
1,2022-02-02,,,,,,,1
1,2022-02-02,,,2,,,,
1,2022-02-02,,,3,,,,
1,2022-02-02,,,3,,,,
1,2022-02-02,,,2,,,,
1,2022-02-02,,,3,,,,
1,2022-02-02,,,3,,,,
1,2022-02-02,,,4,,,,
1,2022-02-02,,,,,,1,
1,2022-02-02,,,,,,1,
1,2022-02-02,,,,,,1,
1,2022-02-02,,,,,,1,
1,2022-02-02,,,,,,1,
1,2022-02-02,,,,,07:56:18,,
1,2022-02-02,,,,18:07:14,,,
1,2022-02-03,90,,,,,,
1,2022-02-03,,1,,,,,
1,2022-02-03,,1,,,,,
1,2022-02-03,,1,,,,,
1,2022-02-03,,1,,,,,
1,2022-02-03,,1,,,,,
1,2022-02-03,,1,,,,,
1,2022-02-03,,,,,,,1
1,2022-02-03,,,,,,,1
1,2022-02-03,,,,,,,1
1,2022-02-03,,,3,,,,
1,2022-02-03,,,2,,,,
1,2022-02-03,,,1,,,,
1,2022-02-03,,,1,,,,
1,2022-02-03,,,1,,,,
1,2022-02-03,,,4,,,,
1,2022-02-03,,,,,,1,
1,2022-02-03,,,,,,1,
1,2022-02-03,,,,,,1,
1,2022-02-03,,,,,,1,
1,2022-02-03,,,,,,1,
1,2022-02-03,,,,,07:58:49,,
1,2022-02-03,,,,18:09:29,,,
1,2022-02-04,80,,,,,,
1,2022-02-04,,1,,,,,
1,2022-02-04,,1,,,,,
1,2022-02-04,,1,,,,,
1,2022-02-04,,1,,,,,
1,2022-02-04,,1,,,,,
1,2022-02-04,,,,,,,1
1,2022-02-04,,,,,,,1
1,2022-02-04,,,,,,,1
1,2022-02-04,,,,,,,1
1,2022-02-04,,,3,,,,
1,2022-02-04,,,2,,,,
1,2022-02-04,,,2,,,,
1,2022-02-04,,,3,,,,
1,2022-02-04,,,2,,,,
1,2022-02-04,,,1,,,,
1,2022-02-04,,,4,,,,
1,2022-02-04,,,,,,1,
1,2022-02-04,,,,,,1,
1,2022-02-04,,,,,,1,
1,2022-02-04,,,,,,1,
1,2022-02-04,,,,,,1,
1,2022-02-04,,,,,,1,
1,2022-02-04,,,,,08:00:03,,
1,2022-02-04,,,,18:10:06,,,
1,2022-02-07,100,,,,,,
1,2022-02-07,,1,,,,,
1,2022-02-07,,1,,,,,
1,2022-02-07,,1,,,,,
1,2022-02-07,,1,,,,,
1,2022-02-07,,1,,,,,
1,2022-02-07,,1,,,,,
1,2022-02-07,,,,,,,1
1,2022-02-07,,,,,,,1
1,2022-02-07,,,,,,,1
1,2022-02-07,,,3,,,,
1,2022-02-07,,,2,,,,
1,2022-02-07,,,2,,,,
1,2022-02-07,,,1,,,,
1,2022-02-07,,,1,,,,
1,2022-02-07,,,3,,,,
1,2022-02-07,,,4,,,,
1,2022-02-07,,,,,,1,
1,2022-02-07,,,,,,1,
1,2022-02-07,,,,,,1,
1,2022-02-07,,,,,,1,
1,2022-02-07,,,,,,1,
1,2022-02-07,,,,,,1,
1,2022-02-07,,,,,07:56:27,,
1,2022-02-07,,,,18:05:16,,,
1,2022-02-08,80,,,,,,
1,2022-02-08,,1,,,,,
1,2022-02-08,,1,,,,,
1,2022-02-08,,1,,,,,
1,2022-02-08,,1,,,,,
1,2022-02-08,,1,,,,,
1,2022-02-08,,,,,,,1
1,2022-02-08,,,,,,,1
1,2022-02-08,,,,,,,1
1,2022-02-08,,,3,,,,
1,2022-02-08,,,3,,,,
1,2022-02-08,,,2,,,,
1,2022-02-08,,,3,,,,
1,2022-02-08,,,1,,,,
1,2022-02-08,,,4,,,,
1,2022-02-08,,,,,,1,
1,2022-02-08,,,,,,1,
1,2022-02-08,,,,,,1,
1,2022-02-08,,,,,,1,
1,2022-02-08,,,,,,1,
1,2022-02-08,,,,,,1,
1,2022-02-08,,,,,,1,
1,2022-02-08,,,,,07:59:01,,
1,2022-02-08,,,,18:09:27,,,
1,2022-02-09,45,,,,,,
1,2022-02-09,,1,,,,,
1,2022-02-09,,1,,,,,
1,2022-02-09,,1,,,,,
1,2022-02-09,,1,,,,,
1,2022-02-09,,1,,,,,
1,2022-02-09,,1,,,,,
1,2022-02-09,,,,,,,1
1,2022-02-09,,,,,,,1
1,2022-02-09,,,,,,,1
1,2022-02-09,,,,,,,1
1,2022-02-09,,,2,,,,
1,2022-02-09,,,1,,,,
1,2022-02-09,,,1,,,,
1,2022-02-09,,,1,,,,
1,2022-02-09,,,3,,,,
1,2022-02-09,,,4,,,,
1,2022-02-09,,,,,,1,
1,2022-02-09,,,,,,1,
1,2022-02-09,,,,,,1,
1,2022-02-09,,,,,,1,
1,2022-02-09,,,,,,1,
1,2022-02-09,,,,,,1,
1,2022-02-09,,,,,,1,
1,2022-02-09,,,,,07:55:30,,
1,2022-02-09,,,,18:01:45,,,
1,2022-02-10,90,,,,,,
1,2022-02-10,,1,,,,,
1,2022-02-10,,1,,,,,
1,2022-02-10,,1,,,,,
1,2022-02-10,,1,,,,,
1,2022-02-10,,,,,,,1
1,2022-02-10,,,,,,,1
1,2022-02-10,,,,,,,1
1,2022-02-10,,,3,,,,
1,2022-02-10,,,2,,,,
1,2022-02-10,,,1,,,,
1,2022-02-10,,,2,,,,
1,2022-02-10,,,2,,,,
1,2022-02-10,,,2,,,,
1,2022-02-10,,,4,,,,
1,2022-02-10,,,,,,1,
1,2022-02-10,,,,,,1,
1,2022-02-10,,,,,,1,
1,2022-02-10,,,,,,1,
1,2022-02-10,,,,,,1,
1,2022-02-10,,,,,,1,
1,2022-02-10,,,,,,1,
1,2022-02-10,,,,,,1,
1,2022-02-10,,,,,07:56:30,,
1,2022-02-10,,,,18:04:56,,,
1,2022-02-11,50,,,,,,
1,2022-02-11,,1,,,,,
1,2022-02-11,,1,,,,,
1,2022-02-11,,1,,,,,
1,2022-02-11,,1,,,,,
1,2022-02-11,,1,,,,,
1,2022-02-11,,1,,,,,
1,2022-02-11,,,,,,,1
1,2022-02-11,,,,,,,1
1,2022-02-11,,,,,,,1
1,2022-02-11,,,,,,,1
1,2022-02-11,,,1,,,,
1,2022-02-11,,,2,,,,
1,2022-02-11,,,2,,,,
1,2022-02-11,,,2,,,,
1,2022-02-11,,,4,,,,
1,2022-02-11,,,,,,1,
1,2022-02-11,,,,,,1,
1,2022-02-11,,,,,,1,
1,2022-02-11,,,,,,1,
1,2022-02-11,,,,,,1,
1,2022-02-11,,,,,,1,
1,2022-02-11,,,,,,1,
1,2022-02-11,,,,,,1,
1,2022-02-11,,,,,07:56:59,,
1,2022-02-11,,,,18:01:43,,,
1,2022-02-14,90,,,,,,
1,2022-02-14,,1,,,,,
1,2022-02-14,,1,,,,,
1,2022-02-14,,1,,,,,
1,2022-02-14,,1,,,,,
1,2022-02-14,,,,,,,1
1,2022-02-14,,,,,,,1
1,2022-02-14,,,,,,,1
1,2022-02-14,,,1,,,,
1,2022-02-14,,,3,,,,
1,2022-02-14,,,1,,,,
1,2022-02-14,,,3,,,,
1,2022-02-14,,,1,,,,
1,2022-02-14,,,4,,,,
1,2022-02-14,,,,,,1,
1,2022-02-14,,,,,,1,
1,2022-02-14,,,,,,1,
1,2022-02-14,,,,,,1,
1,2022-02-14,,,,,,1,
1,2022-02-14,,,,,,1,
1,2022-02-14,,,,,,1,
1,2022-02-14,,,,,07:59:59,,
1,2022-02-14,,,,18:02:54,,,
1,2022-02-15,75,,,,,,
1,2022-02-15,,1,,,,,
1,2022-02-15,,1,,,,,
1,2022-02-15,,1,,,,,
1,2022-02-15,,1,,,,,
1,2022-02-15,,1,,,,,
1,2022-02-15,,1,,,,,
1,2022-02-15,,,,,,,1
1,2022-02-15,,,,,,,1
1,2022-02-15,,,,,,,1
1,2022-02-15,,,2,,,,
1,2022-02-15,,,2,,,,
1,2022-02-15,,,2,,,,
1,2022-02-15,,,1,,,,
1,2022-02-15,,,4,,,,
1,2022-02-15,,,,,,1,
1,2022-02-15,,,,,,1,
1,2022-02-15,,,,,,1,
1,2022-02-15,,,,,,1,
1,2022-02-15,,,,,,1,
1,2022-02-15,,,,,,1,
1,2022-02-15,,,,,07:55:17,,
1,2022-02-15,,,,18:04:50,,,
1,2022-02-16,80,,,,,,
1,2022-02-16,,1,,,,,
1,2022-02-16,,1,,,,,
1,2022-02-16,,1,,,,,
1,2022-02-16,,,,,,,1
1,2022-02-16,,,,,,,1
1,2022-02-16,,,,,,,1
1,2022-02-16,,,1,,,,
1,2022-02-16,,,3,,,,
1,2022-02-16,,,3,,,,
1,2022-02-16,,,1,,,,
1,2022-02-16,,,4,,,,
1,2022-02-16,,,,,,1,
1,2022-02-16,,,,,,1,
1,2022-02-16,,,,,,1,
1,2022-02-16,,,,,,1,
1,2022-02-16,,,,,,1,
1,2022-02-16,,,,,07:59:17,,
1,2022-02-16,,,,18:08:53,,,
1,2022-02-17,80,,,,,,
1,2022-02-17,,1,,,,,
1,2022-02-17,,1,,,,,
1,2022-02-17,,1,,,,,
1,2022-02-17,,,,,,,1
1,2022-02-17,,,,,,,1
1,2022-02-17,,,,,,,1
1,2022-02-17,,,1,,,,
1,2022-02-17,,,3,,,,
1,2022-02-17,,,1,,,,
1,2022-02-17,,,2,,,,
1,2022-02-17,,,1,,,,
1,2022-02-17,,,1,,,,
1,2022-02-17,,,4,,,,
1,2022-02-17,,,,,,1,
1,2022-02-17,,,,,,1,
1,2022-02-17,,,,,,1,
1,2022-02-17,,,,,,1,
1,2022-02-17,,,,,,1,
1,2022-02-17,,,,,,1,
1,2022-02-17,,,,,08:00:29,,
1,2022-02-17,,,,18:02:08,,,
1,2022-02-18,90,,,,,,
1,2022-02-18,,1,,,,,
1,2022-02-18,,1,,,,,
1,2022-02-18,,1,,,,,
1,2022-02-18,,1,,,,,
1,2022-02-18,,1,,,,,
1,2022-02-18,,,,,,,1
1,2022-02-18,,,,,,,1
1,2022-02-18,,,,,,,1
1,2022-02-18,,,1,,,,
1,2022-02-18,,,2,,,,
1,2022-02-18,,,2,,,,
1,2022-02-18,,,1,,,,
1,2022-02-18,,,2,,,,
1,2022-02-18,,,3,,,,
1,2022-02-18,,,4,,,,
1,2022-02-18,,,,,,1,
1,2022-02-18,,,,,,1,
1,2022-02-18,,,,,,1,
1,2022-02-18,,,,,,1,
1,2022-02-18,,,,,,1,
1,2022-02-18,,,,,,1,
1,2022-02-18,,,,,,1,
1,2022-02-18,,,,,08:00:42,,
1,2022-02-18,,,,18:08:45,,,
1,2022-02-21,60,,,,,,
1,2022-02-21,,1,,,,,
1,2022-02-21,,1,,,,,
1,2022-02-21,,1,,,,,
1,2022-02-21,,1,,,,,
1,2022-02-21,,,,,,,1
1,2022-02-21,,,,,,,1
1,2022-02-21,,,,,,,1
1,2022-02-21,,,,,,,1
1,2022-02-21,,,1,,,,
1,2022-02-21,,,3,,,,
1,2022-02-21,,,1,,,,
1,2022-02-21,,,3,,,,
1,2022-02-21,,,2,,,,
1,2022-02-21,,,3,,,,
1,2022-02-21,,,4,,,,
1,2022-02-21,,,,,,1,
1,2022-02-21,,,,,,1,
1,2022-02-21,,,,,,1,
1,2022-02-21,,,,,,1,
1,2022-02-21,,,,,,1,
1,2022-02-21,,,,,08:00:25,,
1,2022-02-21,,,,18:04:03,,,
1,2022-02-22,75,,,,,,
1,2022-02-22,,1,,,,,
1,2022-02-22,,1,,,,,
1,2022-02-22,,1,,,,,
1,2022-02-22,,,,,,,1
1,2022-02-22,,,,,,,1
1,2022-02-22,,,,,,,1
1,2022-02-22,,,1,,,,
1,2022-02-22,,,1,,,,
1,2022-02-22,,,3,,,,
1,2022-02-22,,,1,,,,
1,2022-02-22,,,3,,,,
1,2022-02-22,,,1,,,,
1,2022-02-22,,,4,,,,
1,2022-02-22,,,,,,1,
1,2022-02-22,,,,,,1,
1,2022-02-22,,,,,,1,
1,2022-02-22,,,,,,1,
1,2022-02-22,,,,,,1,
1,2022-02-22,,,,,,1,
1,2022-02-22,,,,,,1,
1,2022-02-22,,,,,,1,
1,2022-02-22,,,,,07:57:01,,
1,2022-02-22,,,,18:05:33,,,
1,2022-02-23,75,,,,,,
1,2022-02-23,,1,,,,,
1,2022-02-23,,1,,,,,
1,2022-02-23,,1,,,,,
1,2022-02-23,,,,,,,1
1,2022-02-23,,,,,,,1
1,2022-02-23,,,,,,,1
1,2022-02-23,,,3,,,,
1,2022-02-23,,,2,,,,
1,2022-02-23,,,3,,,,
1,2022-02-23,,,1,,,,
1,2022-02-23,,,4,,,,
1,2022-02-23,,,,,,1,
1,2022-02-23,,,,,,1,
1,2022-02-23,,,,,,1,
1,2022-02-23,,,,,,1,
1,2022-02-23,,,,,,1,
1,2022-02-23,,,,,08:00:05,,
1,2022-02-23,,,,18:10:09,,,
1,2022-02-24,65,,,,,,
1,2022-02-24,,1,,,,,
1,2022-02-24,,1,,,,,
1,2022-02-24,,1,,,,,
1,2022-02-24,,,,,,,1
1,2022-02-24,,,,,,,1
1,2022-02-24,,,,,,,1
1,2022-02-24,,,,,,,1
1,2022-02-24,,,2,,,,
1,2022-02-24,,,1,,,,
1,2022-02-24,,,3,,,,
1,2022-02-24,,,1,,,,
1,2022-02-24,,,2,,,,
1,2022-02-24,,,2,,,,
1,2022-02-24,,,4,,,,
1,2022-02-24,,,,,,1,
1,2022-02-24,,,,,,1,
1,2022-02-24,,,,,,1,
1,2022-02-24,,,,,,1,
1,2022-02-24,,,,,,1,
1,2022-02-24,,,,,,1,
1,2022-02-24,,,,,07:55:40,,
1,2022-02-24,,,,18:06:38,,,
1,2022-02-25,80,,,,,,
1,2022-02-25,,1,,,,,
1,2022-02-25,,1,,,,,
1,2022-02-25,,1,,,,,
1,2022-02-25,,1,,,,,
1,2022-02-25,,1,,,,,
1,2022-02-25,,,,,,,1
1,2022-02-25,,,,,,,1
1,2022-02-25,,,,,,,1
1,2022-02-25,,,,,,,1
1,2022-02-25,,,1,,,,
1,2022-02-25,,,3,,,,
1,2022-02-25,,,2,,,,
1,2022-02-25,,,3,,,,
1,2022-02-25,,,4,,,,
1,2022-02-25,,,,,,1,
1,2022-02-25,,,,,,1,
1,2022-02-25,,,,,,1,
1,2022-02-25,,,,,,1,
1,2022-02-25,,,,,,1,
1,2022-02-25,,,,,,1,
1,2022-02-25,,,,,07:59:21,,
1,2022-02-25,,,,18:02:56,,,
1,2022-02-28,80,,,,,,
1,2022-02-28,,1,,,,,
1,2022-02-28,,1,,,,,
1,2022-02-28,,1,,,,,
1,2022-02-28,,,,,,,1
1,2022-02-28,,,,,,,1
1,2022-02-28,,,,,,,1
1,2022-02-28,,,2,,,,
1,2022-02-28,,,1,,,,
1,2022-02-28,,,1,,,,
1,2022-02-28,,,2,,,,
1,2022-02-28,,,3,,,,
1,2022-02-28,,,1,,,,
1,2022-02-28,,,4,,,,
1,2022-02-28,,,,,,1,
1,2022-02-28,,,,,,1,
1,2022-02-28,,,,,,1,
1,2022-02-28,,,,,,1,
1,2022-02-28,,,,,,1,
1,2022-02-28,,,,,,1,
1,2022-02-28,,,,,08:00:29,,
1,2022-02-28,,,,18:08:05,,,
1,2022-03-01,75,,,,,,
1,2022-03-01,,1,,,,,
1,2022-03-01,,1,,,,,
1,2022-03-01,,1,,,,,
1,2022-03-01,,,,,,,1
1,2022-03-01,,,,,,,1
1,2022-03-01,,,,,,,1
1,2022-03-01,,,,,,,1
1,2022-03-01,,,2,,,,
1,2022-03-01,,,2,,,,
1,2022-03-01,,,1,,,,
1,2022-03-01,,,1,,,,
1,2022-03-01,,,4,,,,
1,2022-03-01,,,,,,1,
1,2022-03-01,,,,,,1,
1,2022-03-01,,,,,,1,
1,2022-03-01,,,,,,1,
1,2022-03-01,,,,,,1,
1,2022-03-01,,,,,07:57:24,,
1,2022-03-01,,,,18:05:31,,,
1,2022-03-02,70,,,,,,
1,2022-03-02,,1,,,,,
1,2022-03-02,,1,,,,,
1,2022-03-02,,1,,,,,
1,2022-03-02,,1,,,,,
1,2022-03-02,,,,,,,1
1,2022-03-02,,,,,,,1
1,2022-03-02,,,,,,,1
1,2022-03-02,,,1,,,,
1,2022-03-02,,,1,,,,
1,2022-03-02,,,3,,,,
1,2022-03-02,,,1,,,,
1,2022-03-02,,,4,,,,
1,2022-03-02,,,,,,1,
1,2022-03-02,,,,,,1,
1,2022-03-02,,,,,,1,
1,2022-03-02,,,,,,1,
1,2022-03-02,,,,,,1,
1,2022-03-02,,,,,,1,
1,2022-03-02,,,,,08:00:17,,
1,2022-03-02,,,,18:05:19,,,
1,2022-03-03,75,,,,,,
1,2022-03-03,,1,,,,,
1,2022-03-03,,1,,,,,
1,2022-03-03,,1,,,,,
1,2022-03-03,,1,,,,,
1,2022-03-03,,,,,,,1
1,2022-03-03,,,,,,,1
1,2022-03-03,,,,,,,1
1,2022-03-03,,,1,,,,
1,2022-03-03,,,2,,,,
1,2022-03-03,,,3,,,,
1,2022-03-03,,,3,,,,
1,2022-03-03,,,4,,,,
1,2022-03-03,,,,,,1,
1,2022-03-03,,,,,,1,
1,2022-03-03,,,,,,1,
1,2022-03-03,,,,,,1,
1,2022-03-03,,,,,,1,
1,2022-03-03,,,,,,1,
1,2022-03-03,,,,,,1,
1,2022-03-03,,,,,,1,
1,2022-03-03,,,,,07:55:27,,
1,2022-03-03,,,,18:03:44,,,
1,2022-03-04,70,,,,,,
1,2022-03-04,,1,,,,,
1,2022-03-04,,1,,,,,
1,2022-03-04,,1,,,,,
1,2022-03-04,,1,,,,,
1,2022-03-04,,1,,,,,
1,2022-03-04,,,,,,,1
1,2022-03-04,,,,,,,1
1,2022-03-04,,,,,,,1
1,2022-03-04,,,,,,,1
1,2022-03-04,,,1,,,,
1,2022-03-04,,,1,,,,
1,2022-03-04,,,2,,,,
1,2022-03-04,,,3,,,,
1,2022-03-04,,,3,,,,
1,2022-03-04,,,4,,,,
1,2022-03-04,,,,,,1,
1,2022-03-04,,,,,,1,
1,2022-03-04,,,,,,1,
1,2022-03-04,,,,,,1,
1,2022-03-04,,,,,,1,
1,2022-03-04,,,,,07:56:59,,
1,2022-03-04,,,,18:02:59,,,
1,2022-03-07,60,,,,,,
1,2022-03-07,,1,,,,,
1,2022-03-07,,1,,,,,
1,2022-03-07,,1,,,,,
1,2022-03-07,,1,,,,,
1,2022-03-07,,1,,,,,
1,2022-03-07,,,,,,,1
1,2022-03-07,,,,,,,1
1,2022-03-07,,,,,,,1
1,2022-03-07,,,1,,,,
1,2022-03-07,,,2,,,,
1,2022-03-07,,,1,,,,
1,2022-03-07,,,1,,,,
1,2022-03-07,,,4,,,,
1,2022-03-07,,,,,,1,
1,2022-03-07,,,,,,1,
1,2022-03-07,,,,,,1,
1,2022-03-07,,,,,,1,
1,2022-03-07,,,,,,1,
1,2022-03-07,,,,,,1,
1,2022-03-07,,,,,07:58:29,,
1,2022-03-07,,,,18:09:54,,,
1,2022-03-08,80,,,,,,
1,2022-03-08,,1,,,,,
1,2022-03-08,,1,,,,,
1,2022-03-08,,1,,,,,
1,2022-03-08,,1,,,,,
1,2022-03-08,,1,,,,,
1,2022-03-08,,,,,,,1
1,2022-03-08,,,,,,,1
1,2022-03-08,,,,,,,1
1,2022-03-08,,,3,,,,
1,2022-03-08,,,2,,,,
1,2022-03-08,,,2,,,,
1,2022-03-08,,,1,,,,
1,2022-03-08,,,4,,,,
1,2022-03-08,,,,,,1,
1,2022-03-08,,,,,,1,
1,2022-03-08,,,,,,1,
1,2022-03-08,,,,,,1,
1,2022-03-08,,,,,,1,
1,2022-03-08,,,,,07:59:02,,
1,2022-03-08,,,,18:04:14,,,
1,2022-03-09,60,,,,,,
1,2022-03-09,,1,,,,,
1,2022-03-09,,1,,,,,
1,2022-03-09,,1,,,,,
1,2022-03-09,,1,,,,,
1,2022-03-09,,1,,,,,
1,2022-03-09,,1,,,,,
1,2022-03-09,,,,,,,1
1,2022-03-09,,,,,,,1
1,2022-03-09,,,,,,,1
1,2022-03-09,,,3,,,,
1,2022-03-09,,,3,,,,
1,2022-03-09,,,1,,,,
1,2022-03-09,,,2,,,,
1,2022-03-09,,,2,,,,
1,2022-03-09,,,1,,,,
1,2022-03-09,,,4,,,,
1,2022-03-09,,,,,,1,
1,2022-03-09,,,,,,1,
1,2022-03-09,,,,,,1,
1,2022-03-09,,,,,,1,
1,2022-03-09,,,,,,1,
1,2022-03-09,,,,,,1,
1,2022-03-09,,,,,07:59:15,,
1,2022-03-09,,,,18:03:39,,,
1,2022-03-10,70,,,,,,
1,2022-03-10,,1,,,,,
1,2022-03-10,,1,,,,,
1,2022-03-10,,1,,,,,
1,2022-03-10,,1,,,,,
1,2022-03-10,,1,,,,,
1,2022-03-10,,,,,,,1
1,2022-03-10,,,,,,,1
1,2022-03-10,,,,,,,1
1,2022-03-10,,,2,,,,
1,2022-03-10,,,1,,,,
1,2022-03-10,,,1,,,,
1,2022-03-10,,,3,,,,
1,2022-03-10,,,4,,,,
1,2022-03-10,,,,,,1,
1,2022-03-10,,,,,,1,
1,2022-03-10,,,,,,1,
1,2022-03-10,,,,,,1,
1,2022-03-10,,,,,,1,
1,2022-03-10,,,,,,1,
1,2022-03-10,,,,,,1,
1,2022-03-10,,,,,,1,
1,2022-03-10,,,,,07:56:11,,
1,2022-03-10,,,,18:05:23,,,
1,2022-03-11,50,,,,,,
1,2022-03-11,,1,,,,,
1,2022-03-11,,1,,,,,
1,2022-03-11,,1,,,,,
1,2022-03-11,,,,,,,1
1,2022-03-11,,,,,,,1
1,2022-03-11,,,,,,,1
1,2022-03-11,,,3,,,,
1,2022-03-11,,,3,,,,
1,2022-03-11,,,1,,,,
1,2022-03-11,,,2,,,,
1,2022-03-11,,,4,,,,
1,2022-03-11,,,,,,1,
1,2022-03-11,,,,,,1,
1,2022-03-11,,,,,,1,
1,2022-03-11,,,,,,1,
1,2022-03-11,,,,,,1,
1,2022-03-11,,,,,,1,
1,2022-03-11,,,,,07:59:22,,
1,2022-03-11,,,,18:06:49,,,
1,2022-03-14,65,,,,,,
1,2022-03-14,,1,,,,,
1,2022-03-14,,1,,,,,
1,2022-03-14,,1,,,,,
1,2022-03-14,,1,,,,,
1,2022-03-14,,1,,,,,
1,2022-03-14,,,,,,,1
1,2022-03-14,,,,,,,1
1,2022-03-14,,,,,,,1
1,2022-03-14,,,3,,,,
1,2022-03-14,,,2,,,,
1,2022-03-14,,,1,,,,
1,2022-03-14,,,2,,,,
1,2022-03-14,,,2,,,,
1,2022-03-14,,,1,,,,
1,2022-03-14,,,4,,,,
1,2022-03-14,,,,,,1,
1,2022-03-14,,,,,,1,
1,2022-03-14,,,,,,1,
1,2022-03-14,,,,,,1,
1,2022-03-14,,,,,,1,
1,2022-03-14,,,,,07:59:54,,
1,2022-03-14,,,,18:07:17,,,
1,2022-03-15,80,,,,,,
1,2022-03-15,,1,,,,,
1,2022-03-15,,1,,,,,
1,2022-03-15,,1,,,,,
1,2022-03-15,,,,,,,1
1,2022-03-15,,,,,,,1
1,2022-03-15,,,,,,,1
1,2022-03-15,,,1,,,,
1,2022-03-15,,,1,,,,
1,2022-03-15,,,2,,,,
1,2022-03-15,,,3,,,,
1,2022-03-15,,,3,,,,
1,2022-03-15,,,4,,,,
1,2022-03-15,,,,,,1,
1,2022-03-15,,,,,,1,
1,2022-03-15,,,,,,1,
1,2022-03-15,,,,,,1,
1,2022-03-15,,,,,,1,
1,2022-03-15,,,,,07:59:15,,
1,2022-03-15,,,,18:09:52,,,
1,2022-03-16,90,,,,,,
1,2022-03-16,,1,,,,,
1,2022-03-16,,1,,,,,
1,2022-03-16,,1,,,,,
1,2022-03-16,,1,,,,,
1,2022-03-16,,1,,,,,
1,2022-03-16,,,,,,,1
1,2022-03-16,,,,,,,1
1,2022-03-16,,,,,,,1
1,2022-03-16,,,,,,,1
1,2022-03-16,,,1,,,,
1,2022-03-16,,,1,,,,
1,2022-03-16,,,3,,,,
1,2022-03-16,,,2,,,,
1,2022-03-16,,,2,,,,
1,2022-03-16,,,4,,,,
1,2022-03-16,,,,,,1,
1,2022-03-16,,,,,,1,
1,2022-03-16,,,,,,1,
1,2022-03-16,,,,,,1,
1,2022-03-16,,,,,,1,
1,2022-03-16,,,,,07:56:15,,
1,2022-03-16,,,,18:08:39,,,
1,2022-03-17,80,,,,,,
1,2022-03-17,,1,,,,,
1,2022-03-17,,1,,,,,
1,2022-03-17,,1,,,,,
1,2022-03-17,,,,,,,1
1,2022-03-17,,,,,,,1
1,2022-03-17,,,,,,,1
1,2022-03-17,,,,,,,1
1,2022-03-17,,,1,,,,
1,2022-03-17,,,2,,,,
1,2022-03-17,,,3,,,,
1,2022-03-17,,,2,,,,
1,2022-03-17,,,4,,,,
1,2022-03-17,,,,,,1,
1,2022-03-17,,,,,,1,
1,2022-03-17,,,,,,1,
1,2022-03-17,,,,,,1,
1,2022-03-17,,,,,,1,
1,2022-03-17,,,,,,1,
1,2022-03-17,,,,,,1,
1,2022-03-17,,,,,07:59:59,,
1,2022-03-17,,,,18:09:01,,,
1,2022-03-18,65,,,,,,
1,2022-03-18,,1,,,,,
1,2022-03-18,,1,,,,,
1,2022-03-18,,1,,,,,
1,2022-03-18,,1,,,,,
1,2022-03-18,,1,,,,,
1,2022-03-18,,,,,,,1
1,2022-03-18,,,,,,,1
1,2022-03-18,,,,,,,1
1,2022-03-18,,,3,,,,
1,2022-03-18,,,1,,,,
1,2022-03-18,,,2,,,,
1,2022-03-18,,,3,,,,
1,2022-03-18,,,1,,,,
1,2022-03-18,,,4,,,,
1,2022-03-18,,,,,,1,
1,2022-03-18,,,,,,1,
1,2022-03-18,,,,,,1,
1,2022-03-18,,,,,,1,
1,2022-03-18,,,,,,1,
1,2022-03-18,,,,,,1,
1,2022-03-18,,,,,,1,
1,2022-03-18,,,,,,1,
1,2022-03-18,,,,,07:59:51,,
1,2022-03-18,,,,18:07:23,,,
1,2022-03-21,85,,,,,,
1,2022-03-21,,1,,,,,
1,2022-03-21,,1,,,,,
1,2022-03-21,,1,,,,,
1,2022-03-21,,,,,,,1
1,2022-03-21,,,,,,,1
1,2022-03-21,,,,,,,1
1,2022-03-21,,,2,,,,
1,2022-03-21,,,1,,,,
1,2022-03-21,,,3,,,,
1,2022-03-21,,,2,,,,
1,2022-03-21,,,3,,,,
1,2022-03-21,,,1,,,,
1,2022-03-21,,,4,,,,
1,2022-03-21,,,,,,1,
1,2022-03-21,,,,,,1,
1,2022-03-21,,,,,,1,
1,2022-03-21,,,,,,1,
1,2022-03-21,,,,,,1,
1,2022-03-21,,,,,,1,
1,2022-03-21,,,,,,1,
1,2022-03-21,,,,,,1,
1,2022-03-21,,,,,07:56:46,,
1,2022-03-21,,,,18:03:15,,,
1,2022-03-22,90,,,,,,
1,2022-03-22,,1,,,,,
1,2022-03-22,,1,,,,,
1,2022-03-22,,1,,,,,
1,2022-03-22,,1,,,,,
1,2022-03-22,,1,,,,,
1,2022-03-22,,1,,,,,
1,2022-03-22,,,,,,,1
1,2022-03-22,,,,,,,1
1,2022-03-22,,,,,,,1
1,2022-03-22,,,2,,,,
1,2022-03-22,,,2,,,,
1,2022-03-22,,,2,,,,
1,2022-03-22,,,2,,,,
1,2022-03-22,,,4,,,,
1,2022-03-22,,,,,,1,
1,2022-03-22,,,,,,1,
1,2022-03-22,,,,,,1,
1,2022-03-22,,,,,,1,
1,2022-03-22,,,,,,1,
1,2022-03-22,,,,,,1,
1,2022-03-22,,,,,,1,
1,2022-03-22,,,,,,1,
1,2022-03-22,,,,,08:00:48,,
1,2022-03-22,,,,18:08:30,,,
1,2022-03-23,80,,,,,,
1,2022-03-23,,1,,,,,
1,2022-03-23,,1,,,,,
1,2022-03-23,,1,,,,,
1,2022-03-23,,1,,,,,
1,2022-03-23,,,,,,,1
1,2022-03-23,,,,,,,1
1,2022-03-23,,,,,,,1
1,2022-03-23,,,2,,,,
1,2022-03-23,,,1,,,,
1,2022-03-23,,,2,,,,
1,2022-03-23,,,2,,,,
1,2022-03-23,,,2,,,,
1,2022-03-23,,,1,,,,
1,2022-03-23,,,4,,,,
1,2022-03-23,,,,,,1,
1,2022-03-23,,,,,,1,
1,2022-03-23,,,,,,1,
1,2022-03-23,,,,,,1,
1,2022-03-23,,,,,,1,
1,2022-03-23,,,,,,1,
1,2022-03-23,,,,,07:56:40,,
1,2022-03-23,,,,18:08:45,,,
1,2022-03-24,90,,,,,,
1,2022-03-24,,1,,,,,
1,2022-03-24,,1,,,,,
1,2022-03-24,,1,,,,,
1,2022-03-24,,1,,,,,
1,2022-03-24,,1,,,,,
1,2022-03-24,,1,,,,,
1,2022-03-24,,,,,,,1
1,2022-03-24,,,,,,,1
1,2022-03-24,,,,,,,1
1,2022-03-24,,,3,,,,
1,2022-03-24,,,3,,,,
1,2022-03-24,,,2,,,,
1,2022-03-24,,,3,,,,
1,2022-03-24,,,3,,,,
1,2022-03-24,,,2,,,,
1,2022-03-24,,,4,,,,
1,2022-03-24,,,,,,1,
1,2022-03-24,,,,,,1,
1,2022-03-24,,,,,,1,
1,2022-03-24,,,,,,1,
1,2022-03-24,,,,,,1,
1,2022-03-24,,,,,08:00:13,,
1,2022-03-24,,,,18:04:44,,,
1,2022-03-25,90,,,,,,
1,2022-03-25,,1,,,,,
1,2022-03-25,,1,,,,,
1,2022-03-25,,1,,,,,
1,2022-03-25,,1,,,,,
1,2022-03-25,,,,,,,1
1,2022-03-25,,,,,,,1
1,2022-03-25,,,,,,,1
1,2022-03-25,,,,,,,1
1,2022-03-25,,,2,,,,
1,2022-03-25,,,3,,,,
1,2022-03-25,,,2,,,,
1,2022-03-25,,,2,,,,
1,2022-03-25,,,2,,,,
1,2022-03-25,,,4,,,,
1,2022-03-25,,,,,,1,
1,2022-03-25,,,,,,1,
1,2022-03-25,,,,,,1,
1,2022-03-25,,,,,,1,
1,2022-03-25,,,,,,1,
1,2022-03-25,,,,,,1,
1,2022-03-25,,,,,,1,
1,2022-03-25,,,,,,1,
1,2022-03-25,,,,,07:55:35,,
1,2022-03-25,,,,18:04:28,,,
1,2022-03-28,80,,,,,,
1,2022-03-28,,1,,,,,
1,2022-03-28,,1,,,,,
1,2022-03-28,,1,,,,,
1,2022-03-28,,1,,,,,
1,2022-03-28,,1,,,,,
1,2022-03-28,,,,,,,1
1,2022-03-28,,,,,,,1
1,2022-03-28,,,,,,,1
1,2022-03-28,,,,,,,1
1,2022-03-28,,,3,,,,
1,2022-03-28,,,2,,,,
1,2022-03-28,,,3,,,,
1,2022-03-28,,,1,,,,
1,2022-03-28,,,4,,,,
1,2022-03-28,,,,,,1,
1,2022-03-28,,,,,,1,
1,2022-03-28,,,,,,1,
1,2022-03-28,,,,,,1,
1,2022-03-28,,,,,,1,
1,2022-03-28,,,,,,1,
1,2022-03-28,,,,,08:00:03,,
1,2022-03-28,,,,18:08:21,,,
1,2022-03-29,80,,,,,,
1,2022-03-29,,1,,,,,
1,2022-03-29,,1,,,,,
1,2022-03-29,,1,,,,,
1,2022-03-29,,1,,,,,
1,2022-03-29,,,,,,,1
1,2022-03-29,,,,,,,1
1,2022-03-29,,,,,,,1
1,2022-03-29,,,2,,,,
1,2022-03-29,,,2,,,,
1,2022-03-29,,,2,,,,
1,2022-03-29,,,1,,,,
1,2022-03-29,,,3,,,,
1,2022-03-29,,,2,,,,
1,2022-03-29,,,4,,,,
1,2022-03-29,,,,,,1,
1,2022-03-29,,,,,,1,
1,2022-03-29,,,,,,1,
1,2022-03-29,,,,,,1,
1,2022-03-29,,,,,,1,
1,2022-03-29,,,,,,1,
1,2022-03-29,,,,,,1,
1,2022-03-29,,,,,07:56:38,,
1,2022-03-29,,,,18:05:53,,,
1,2022-03-30,80,,,,,,
1,2022-03-30,,1,,,,,
1,2022-03-30,,1,,,,,
1,2022-03-30,,1,,,,,
1,2022-03-30,,1,,,,,
1,2022-03-30,,,,,,,1
1,2022-03-30,,,,,,,1
1,2022-03-30,,,,,,,1
1,2022-03-30,,,,,,,1
1,2022-03-30,,,1,,,,
1,2022-03-30,,,2,,,,
1,2022-03-30,,,3,,,,
1,2022-03-30,,,3,,,,
1,2022-03-30,,,2,,,,
1,2022-03-30,,,4,,,,
1,2022-03-30,,,,,,1,
1,2022-03-30,,,,,,1,
1,2022-03-30,,,,,,1,
1,2022-03-30,,,,,,1,
1,2022-03-30,,,,,,1,
1,2022-03-30,,,,,,1,
1,2022-03-30,,,,,,1,
1,2022-03-30,,,,,,1,
1,2022-03-30,,,,,07:56:32,,
1,2022-03-30,,,,18:01:53,,,
1,2022-03-31,85,,,,,,
1,2022-03-31,,1,,,,,
1,2022-03-31,,1,,,,,
1,2022-03-31,,1,,,,,
1,2022-03-31,,1,,,,,
1,2022-03-31,,,,,,,1
1,2022-03-31,,,,,,,1
1,2022-03-31,,,,,,,1
1,2022-03-31,,,,,,,1
1,2022-03-31,,,1,,,,
1,2022-03-31,,,2,,,,
1,2022-03-31,,,3,,,,
1,2022-03-31,,,1,,,,
1,2022-03-31,,,1,,,,
1,2022-03-31,,,3,,,,
1,2022-03-31,,,4,,,,
1,2022-03-31,,,,,,1,
1,2022-03-31,,,,,,1,
1,2022-03-31,,,,,,1,
1,2022-03-31,,,,,,1,
1,2022-03-31,,,,,,1,
1,2022-03-31,,,,,07:59:07,,
1,2022-03-31,,,,18:10:49,,,
1,2022-04-01,80,,,,,,
1,2022-04-01,,1,,,,,
1,2022-04-01,,1,,,,,
1,2022-04-01,,1,,,,,
1,2022-04-01,,1,,,,,
1,2022-04-01,,1,,,,,
1,2022-04-01,,,,,,,1
1,2022-04-01,,,,,,,1
1,2022-04-01,,,,,,,1
1,2022-04-01,,,3,,,,
1,2022-04-01,,,3,,,,
1,2022-04-01,,,2,,,,
1,2022-04-01,,,2,,,,
1,2022-04-01,,,1,,,,
1,2022-04-01,,,4,,,,
1,2022-04-01,,,,,,1,
1,2022-04-01,,,,,,1,
1,2022-04-01,,,,,,1,
1,2022-04-01,,,,,,1,
1,2022-04-01,,,,,,1,
1,2022-04-01,,,,,,1,
1,2022-04-01,,,,,,1,
1,2022-04-01,,,,,08:00:09,,
1,2022-04-01,,,,18:07:13,,,
1,2022-04-04,75,,,,,,
1,2022-04-04,,1,,,,,
1,2022-04-04,,1,,,,,
1,2022-04-04,,1,,,,,
1,2022-04-04,,1,,,,,
1,2022-04-04,,1,,,,,
1,2022-04-04,,,,,,,1
1,2022-04-04,,,,,,,1
1,2022-04-04,,,,,,,1
1,2022-04-04,,,,,,,1
1,2022-04-04,,,2,,,,
1,2022-04-04,,,1,,,,
1,2022-04-04,,,1,,,,
1,2022-04-04,,,3,,,,
1,2022-04-04,,,2,,,,
1,2022-04-04,,,4,,,,
1,2022-04-04,,,,,,1,
1,2022-04-04,,,,,,1,
1,2022-04-04,,,,,,1,
1,2022-04-04,,,,,,1,
1,2022-04-04,,,,,,1,
1,2022-04-04,,,,,,1,
1,2022-04-04,,,,,,1,
1,2022-04-04,,,,,,1,
1,2022-04-04,,,,,07:55:32,,
1,2022-04-04,,,,18:07:26,,,
1,2022-04-05,70,,,,,,
1,2022-04-05,,1,,,,,
1,2022-04-05,,1,,,,,
1,2022-04-05,,1,,,,,
1,2022-04-05,,,,,,,1
1,2022-04-05,,,,,,,1
1,2022-04-05,,,,,,,1
1,2022-04-05,,,1,,,,
1,2022-04-05,,,2,,,,
1,2022-04-05,,,2,,,,
1,2022-04-05,,,1,,,,
1,2022-04-05,,,4,,,,
1,2022-04-05,,,,,,1,
1,2022-04-05,,,,,,1,
1,2022-04-05,,,,,,1,
1,2022-04-05,,,,,,1,
1,2022-04-05,,,,,,1,
1,2022-04-05,,,,,,1,
1,2022-04-05,,,,,,1,
1,2022-04-05,,,,,07:57:42,,
1,2022-04-05,,,,18:05:40,,,
1,2022-04-06,60,,,,,,
1,2022-04-06,,1,,,,,
1,2022-04-06,,1,,,,,
1,2022-04-06,,1,,,,,
1,2022-04-06,,,,,,,1
1,2022-04-06,,,,,,,1
1,2022-04-06,,,,,,,1
1,2022-04-06,,,3,,,,
1,2022-04-06,,,2,,,,
1,2022-04-06,,,1,,,,
1,2022-04-06,,,1,,,,
1,2022-04-06,,,1,,,,
1,2022-04-06,,,4,,,,
1,2022-04-06,,,,,,1,
1,2022-04-06,,,,,,1,
1,2022-04-06,,,,,,1,
1,2022-04-06,,,,,,1,
1,2022-04-06,,,,,,1,
1,2022-04-06,,,,,,1,
1,2022-04-06,,,,,,1,
1,2022-04-06,,,,,07:58:30,,
1,2022-04-06,,,,18:01:30,,,
1,2022-04-07,90,,,,,,
1,2022-04-07,,1,,,,,
1,2022-04-07,,1,,,,,
1,2022-04-07,,1,,,,,
1,2022-04-07,,,,,,,1
1,2022-04-07,,,,,,,1
1,2022-04-07,,,,,,,1
1,2022-04-07,,,2,,,,
1,2022-04-07,,,1,,,,
1,2022-04-07,,,2,,,,
1,2022-04-07,,,3,,,,
1,2022-04-07,,,3,,,,
1,2022-04-07,,,3,,,,
1,2022-04-07,,,4,,,,
1,2022-04-07,,,,,,1,
1,2022-04-07,,,,,,1,
1,2022-04-07,,,,,,1,
1,2022-04-07,,,,,,1,
1,2022-04-07,,,,,,1,
1,2022-04-07,,,,,,1,
1,2022-04-07,,,,,,1,
1,2022-04-07,,,,,07:57:37,,
1,2022-04-07,,,,18:06:14,,,
1,2022-04-08,50,,,,,,
1,2022-04-08,,1,,,,,
1,2022-04-08,,1,,,,,
1,2022-04-08,,1,,,,,
1,2022-04-08,,1,,,,,
1,2022-04-08,,,,,,,1
1,2022-04-08,,,,,,,1
1,2022-04-08,,,,,,,1
1,2022-04-08,,,,,,,1
1,2022-04-08,,,3,,,,
1,2022-04-08,,,3,,,,
1,2022-04-08,,,2,,,,
1,2022-04-08,,,2,,,,
1,2022-04-08,,,1,,,,
1,2022-04-08,,,4,,,,
1,2022-04-08,,,,,,1,
1,2022-04-08,,,,,,1,
1,2022-04-08,,,,,,1,
1,2022-04-08,,,,,,1,
1,2022-04-08,,,,,,1,
1,2022-04-08,,,,,,1,
1,2022-04-08,,,,,07:55:35,,
1,2022-04-08,,,,18:08:36,,,
1,2022-04-11,65,,,,,,
1,2022-04-11,,1,,,,,
1,2022-04-11,,1,,,,,
1,2022-04-11,,1,,,,,
1,2022-04-11,,1,,,,,
1,2022-04-11,,1,,,,,
1,2022-04-11,,1,,,,,
1,2022-04-11,,,,,,,1
1,2022-04-11,,,,,,,1
1,2022-04-11,,,,,,,1
1,2022-04-11,,,,,,,1
1,2022-04-11,,,1,,,,
1,2022-04-11,,,1,,,,
1,2022-04-11,,,2,,,,
1,2022-04-11,,,1,,,,
1,2022-04-11,,,2,,,,
1,2022-04-11,,,4,,,,
1,2022-04-11,,,,,,1,
1,2022-04-11,,,,,,1,
1,2022-04-11,,,,,,1,
1,2022-04-11,,,,,,1,
1,2022-04-11,,,,,,1,
1,2022-04-11,,,,,,1,
1,2022-04-11,,,,,07:59:14,,
1,2022-04-11,,,,18:10:03,,,
1,2022-04-12,90,,,,,,
1,2022-04-12,,1,,,,,
1,2022-04-12,,1,,,,,
1,2022-04-12,,1,,,,,
1,2022-04-12,,1,,,,,
1,2022-04-12,,1,,,,,
1,2022-04-12,,,,,,,1
1,2022-04-12,,,,,,,1
1,2022-04-12,,,,,,,1
1,2022-04-12,,,3,,,,
1,2022-04-12,,,1,,,,
1,2022-04-12,,,1,,,,
1,2022-04-12,,,3,,,,
1,2022-04-12,,,4,,,,
1,2022-04-12,,,,,,1,
1,2022-04-12,,,,,,1,
1,2022-04-12,,,,,,1,
1,2022-04-12,,,,,,1,
1,2022-04-12,,,,,,1,
1,2022-04-12,,,,,07:59:25,,
1,2022-04-12,,,,18:05:43,,,
1,2022-04-13,80,,,,,,
1,2022-04-13,,1,,,,,
1,2022-04-13,,1,,,,,
1,2022-04-13,,1,,,,,
1,2022-04-13,,1,,,,,
1,2022-04-13,,,,,,,1
1,2022-04-13,,,,,,,1
1,2022-04-13,,,,,,,1
1,2022-04-13,,,2,,,,
1,2022-04-13,,,2,,,,
1,2022-04-13,,,3,,,,
1,2022-04-13,,,3,,,,
1,2022-04-13,,,4,,,,
1,2022-04-13,,,,,,1,
1,2022-04-13,,,,,,1,
1,2022-04-13,,,,,,1,
1,2022-04-13,,,,,,1,
1,2022-04-13,,,,,,1,
1,2022-04-13,,,,,,1,
1,2022-04-13,,,,,,1,
1,2022-04-13,,,,,,1,
1,2022-04-13,,,,,08:00:43,,
1,2022-04-13,,,,18:09:12,,,
1,2022-04-14,80,,,,,,
1,2022-04-14,,1,,,,,
1,2022-04-14,,1,,,,,
1,2022-04-14,,1,,,,,
1,2022-04-14,,1,,,,,
1,2022-04-14,,1,,,,,
1,2022-04-14,,1,,,,,
1,2022-04-14,,,,,,,1
1,2022-04-14,,,,,,,1
1,2022-04-14,,,,,,,1
1,2022-04-14,,,,,,,1
1,2022-04-14,,,2,,,,
1,2022-04-14,,,1,,,,
1,2022-04-14,,,2,,,,
1,2022-04-14,,,3,,,,
1,2022-04-14,,,3,,,,
1,2022-04-14,,,1,,,,
1,2022-04-14,,,4,,,,
1,2022-04-14,,,,,,1,
1,2022-04-14,,,,,,1,
1,2022-04-14,,,,,,1,
1,2022-04-14,,,,,,1,
1,2022-04-14,,,,,,1,
1,2022-04-14,,,,,07:57:39,,
1,2022-04-14,,,,18:05:38,,,
1,2022-04-15,55,,,,,,
1,2022-04-15,,1,,,,,
1,2022-04-15,,1,,,,,
1,2022-04-15,,1,,,,,
1,2022-04-15,,1,,,,,
1,2022-04-15,,,,,,,1
1,2022-04-15,,,,,,,1
1,2022-04-15,,,,,,,1
1,2022-04-15,,,,,,,1
1,2022-04-15,,,2,,,,
1,2022-04-15,,,1,,,,
1,2022-04-15,,,3,,,,
1,2022-04-15,,,2,,,,
1,2022-04-15,,,1,,,,
1,2022-04-15,,,4,,,,
1,2022-04-15,,,,,,1,
1,2022-04-15,,,,,,1,
1,2022-04-15,,,,,,1,
1,2022-04-15,,,,,,1,
1,2022-04-15,,,,,,1,
1,2022-04-15,,,,,,1,
1,2022-04-15,,,,,07:55:03,,
1,2022-04-15,,,,18:06:33,,,
1,2022-04-18,100,,,,,,
1,2022-04-18,,1,,,,,
1,2022-04-18,,1,,,,,
1,2022-04-18,,1,,,,,
1,2022-04-18,,,,,,,1
1,2022-04-18,,,,,,,1
1,2022-04-18,,,,,,,1
1,2022-04-18,,,3,,,,
1,2022-04-18,,,2,,,,
1,2022-04-18,,,1,,,,
1,2022-04-18,,,2,,,,
1,2022-04-18,,,1,,,,
1,2022-04-18,,,4,,,,
1,2022-04-18,,,,,,1,
1,2022-04-18,,,,,,1,
1,2022-04-18,,,,,,1,
1,2022-04-18,,,,,,1,
1,2022-04-18,,,,,,1,
1,2022-04-18,,,,,,1,
1,2022-04-18,,,,,08:00:25,,
1,2022-04-18,,,,18:09:36,,,
1,2022-04-19,75,,,,,,
1,2022-04-19,,1,,,,,
1,2022-04-19,,1,,,,,
1,2022-04-19,,1,,,,,
1,2022-04-19,,1,,,,,
1,2022-04-19,,1,,,,,
1,2022-04-19,,1,,,,,
1,2022-04-19,,,,,,,1
1,2022-04-19,,,,,,,1
1,2022-04-19,,,,,,,1
1,2022-04-19,,,,,,,1
1,2022-04-19,,,3,,,,
1,2022-04-19,,,3,,,,
1,2022-04-19,,,3,,,,
1,2022-04-19,,,3,,,,
1,2022-04-19,,,4,,,,
1,2022-04-19,,,,,,1,
1,2022-04-19,,,,,,1,
1,2022-04-19,,,,,,1,
1,2022-04-19,,,,,,1,
1,2022-04-19,,,,,,1,
1,2022-04-19,,,,,,1,
1,2022-04-19,,,,,07:57:16,,
1,2022-04-19,,,,18:09:31,,,
1,2022-04-20,60,,,,,,
1,2022-04-20,,1,,,,,
1,2022-04-20,,1,,,,,
1,2022-04-20,,1,,,,,
1,2022-04-20,,1,,,,,
1,2022-04-20,,,,,,,1
1,2022-04-20,,,,,,,1
1,2022-04-20,,,,,,,1
1,2022-04-20,,,2,,,,
1,2022-04-20,,,3,,,,
1,2022-04-20,,,3,,,,
1,2022-04-20,,,1,,,,
1,2022-04-20,,,4,,,,
1,2022-04-20,,,,,,1,
1,2022-04-20,,,,,,1,
1,2022-04-20,,,,,,1,
1,2022-04-20,,,,,,1,
1,2022-04-20,,,,,,1,
1,2022-04-20,,,,,,1,
1,2022-04-20,,,,,,1,
1,2022-04-20,,,,,07:59:50,,
1,2022-04-20,,,,18:10:16,,,
1,2022-04-21,75,,,,,,
1,2022-04-21,,1,,,,,
1,2022-04-21,,1,,,,,
1,2022-04-21,,1,,,,,
1,2022-04-21,,1,,,,,
1,2022-04-21,,,,,,,1
1,2022-04-21,,,,,,,1
1,2022-04-21,,,,,,,1
1,2022-04-21,,,2,,,,
1,2022-04-21,,,2,,,,
1,2022-04-21,,,2,,,,
1,2022-04-21,,,2,,,,
1,2022-04-21,,,1,,,,
1,2022-04-21,,,2,,,,
1,2022-04-21,,,4,,,,
1,2022-04-21,,,,,,1,
1,2022-04-21,,,,,,1,
1,2022-04-21,,,,,,1,
1,2022-04-21,,,,,,1,
1,2022-04-21,,,,,,1,
1,2022-04-21,,,,,,1,
1,2022-04-21,,,,,,1,
1,2022-04-21,,,,,,1,
1,2022-04-21,,,,,07:56:34,,
1,2022-04-21,,,,18:07:22,,,
1,2022-04-22,80,,,,,,
1,2022-04-22,,1,,,,,
1,2022-04-22,,1,,,,,
1,2022-04-22,,1,,,,,
1,2022-04-22,,,,,,,1
1,2022-04-22,,,,,,,1
1,2022-04-22,,,,,,,1
1,2022-04-22,,,,,,,1
1,2022-04-22,,,2,,,,
1,2022-04-22,,,1,,,,
1,2022-04-22,,,1,,,,
1,2022-04-22,,,3,,,,
1,2022-04-22,,,4,,,,
1,2022-04-22,,,,,,1,
1,2022-04-22,,,,,,1,
1,2022-04-22,,,,,,1,
1,2022-04-22,,,,,,1,
1,2022-04-22,,,,,,1,
1,2022-04-22,,,,,07:55:57,,
1,2022-04-22,,,,18:09:32,,,
1,2022-04-25,80,,,,,,
1,2022-04-25,,1,,,,,
1,2022-04-25,,1,,,,,
1,2022-04-25,,1,,,,,
1,2022-04-25,,,,,,,1
1,2022-04-25,,,,,,,1
1,2022-04-25,,,,,,,1
1,2022-04-25,,,,,,,1
1,2022-04-25,,,1,,,,
1,2022-04-25,,,1,,,,
1,2022-04-25,,,1,,,,
1,2022-04-25,,,2,,,,
1,2022-04-25,,,2,,,,
1,2022-04-25,,,3,,,,
1,2022-04-25,,,4,,,,
1,2022-04-25,,,,,,1,
1,2022-04-25,,,,,,1,
1,2022-04-25,,,,,,1,
1,2022-04-25,,,,,,1,
1,2022-04-25,,,,,,1,
1,2022-04-25,,,,,,1,
1,2022-04-25,,,,,,1,
1,2022-04-25,,,,,07:55:20,,
1,2022-04-25,,,,18:08:13,,,
1,2022-04-26,70,,,,,,
1,2022-04-26,,1,,,,,
1,2022-04-26,,1,,,,,
1,2022-04-26,,1,,,,,
1,2022-04-26,,1,,,,,
1,2022-04-26,,1,,,,,
1,2022-04-26,,1,,,,,
1,2022-04-26,,,,,,,1
1,2022-04-26,,,,,,,1
1,2022-04-26,,,,,,,1
1,2022-04-26,,,,,,,1
1,2022-04-26,,,2,,,,
1,2022-04-26,,,2,,,,
1,2022-04-26,,,3,,,,
1,2022-04-26,,,3,,,,
1,2022-04-26,,,4,,,,
1,2022-04-26,,,,,,1,
1,2022-04-26,,,,,,1,
1,2022-04-26,,,,,,1,
1,2022-04-26,,,,,,1,
1,2022-04-26,,,,,,1,
1,2022-04-26,,,,,,1,
1,2022-04-26,,,,,07:55:28,,
1,2022-04-26,,,,18:10:33,,,
1,2022-04-27,80,,,,,,
1,2022-04-27,,1,,,,,
1,2022-04-27,,1,,,,,
1,2022-04-27,,1,,,,,
1,2022-04-27,,1,,,,,
1,2022-04-27,,1,,,,,
1,2022-04-27,,1,,,,,
1,2022-04-27,,,,,,,1
1,2022-04-27,,,,,,,1
1,2022-04-27,,,,,,,1
1,2022-04-27,,,3,,,,
1,2022-04-27,,,3,,,,
1,2022-04-27,,,1,,,,
1,2022-04-27,,,1,,,,
1,2022-04-27,,,3,,,,
1,2022-04-27,,,1,,,,
1,2022-04-27,,,4,,,,
1,2022-04-27,,,,,,1,
1,2022-04-27,,,,,,1,
1,2022-04-27,,,,,,1,
1,2022-04-27,,,,,,1,
1,2022-04-27,,,,,,1,
1,2022-04-27,,,,,07:55:57,,
1,2022-04-27,,,,18:07:50,,,
1,2022-04-28,80,,,,,,
1,2022-04-28,,1,,,,,
1,2022-04-28,,1,,,,,
1,2022-04-28,,1,,,,,
1,2022-04-28,,1,,,,,
1,2022-04-28,,,,,,,1
1,2022-04-28,,,,,,,1
1,2022-04-28,,,,,,,1
1,2022-04-28,,,,,,,1
1,2022-04-28,,,2,,,,
1,2022-04-28,,,3,,,,
1,2022-04-28,,,1,,,,
1,2022-04-28,,,1,,,,
1,2022-04-28,,,4,,,,
1,2022-04-28,,,,,,1,
1,2022-04-28,,,,,,1,
1,2022-04-28,,,,,,1,
1,2022-04-28,,,,,,1,
1,2022-04-28,,,,,,1,
1,2022-04-28,,,,,,1,
1,2022-04-28,,,,,,1,
1,2022-04-28,,,,,,1,
1,2022-04-28,,,,,08:00:27,,
1,2022-04-28,,,,18:05:28,,,
1,2022-04-29,90,,,,,,
1,2022-04-29,,1,,,,,
1,2022-04-29,,1,,,,,
1,2022-04-29,,1,,,,,
1,2022-04-29,,1,,,,,
1,2022-04-29,,1,,,,,
1,2022-04-29,,1,,,,,
1,2022-04-29,,,,,,,1
1,2022-04-29,,,,,,,1
1,2022-04-29,,,,,,,1
1,2022-04-29,,,3,,,,
1,2022-04-29,,,1,,,,
1,2022-04-29,,,3,,,,
1,2022-04-29,,,2,,,,
1,2022-04-29,,,3,,,,
1,2022-04-29,,,1,,,,
1,2022-04-29,,,4,,,,
1,2022-04-29,,,,,,1,
1,2022-04-29,,,,,,1,
1,2022-04-29,,,,,,1,
1,2022-04-29,,,,,,1,
1,2022-04-29,,,,,,1,
1,2022-04-29,,,,,,1,
1,2022-04-29,,,,,,1,
1,2022-04-29,,,,,07:59:48,,
1,2022-04-29,,,,18:01:32,,,
1,2022-05-02,5,,,,,,
1,2022-05-02,,1,,,,,
1,2022-05-02,,1,,,,,
1,2022-05-02,,1,,,,,
1,2022-05-02,,1,,,,,
1,2022-05-02,,,,,,,1
1,2022-05-02,,,,,,,1
1,2022-05-02,,,,,,,1
1,2022-05-02,,,,,,,1
1,2022-05-02,,,3,,,,
1,2022-05-02,,,2,,,,
1,2022-05-02,,,1,,,,
1,2022-05-02,,,2,,,,
1,2022-05-02,,,2,,,,
1,2022-05-02,,,4,,,,
1,2022-05-02,,,,,,1,
1,2022-05-02,,,,,,1,
1,2022-05-02,,,,,,1,
1,2022-05-02,,,,,,1,
1,2022-05-02,,,,,,1,
1,2022-05-02,,,,,,1,
1,2022-05-02,,,,,,1,
1,2022-05-02,,,,,07:57:28,,
1,2022-05-02,,,,18:05:35,,,
1,2022-05-03,5,,,,,,
1,2022-05-03,,1,,,,,
1,2022-05-03,,1,,,,,
1,2022-05-03,,1,,,,,
1,2022-05-03,,1,,,,,
1,2022-05-03,,1,,,,,
1,2022-05-03,,,,,,,1
1,2022-05-03,,,,,,,1
1,2022-05-03,,,,,,,1
1,2022-05-03,,,,,,,1
1,2022-05-03,,,2,,,,
1,2022-05-03,,,1,,,,
1,2022-05-03,,,1,,,,
1,2022-05-03,,,1,,,,
1,2022-05-03,,,2,,,,
1,2022-05-03,,,4,,,,
1,2022-05-03,,,,,,1,
1,2022-05-03,,,,,,1,
1,2022-05-03,,,,,,1,
1,2022-05-03,,,,,,1,
1,2022-05-03,,,,,,1,
1,2022-05-03,,,,,,1,
1,2022-05-03,,,,,08:00:18,,
1,2022-05-03,,,,18:05:13,,,
1,2022-05-04,8,,,,,,
1,2022-05-04,,1,,,,,
1,2022-05-04,,1,,,,,
1,2022-05-04,,1,,,,,
1,2022-05-04,,1,,,,,
1,2022-05-04,,1,,,,,
1,2022-05-04,,1,,,,,
1,2022-05-04,,,,,,,1
1,2022-05-04,,,,,,,1
1,2022-05-04,,,,,,,1
1,2022-05-04,,,2,,,,
1,2022-05-04,,,3,,,,
1,2022-05-04,,,3,,,,
1,2022-05-04,,,1,,,,
1,2022-05-04,,,4,,,,
1,2022-05-04,,,,,,1,
1,2022-05-04,,,,,,1,
1,2022-05-04,,,,,,1,
1,2022-05-04,,,,,,1,
1,2022-05-04,,,,,,1,
1,2022-05-04,,,,,08:00:21,,
1,2022-05-04,,,,18:03:36,,,
1,2022-05-05,6,,,,,,
1,2022-05-05,,1,,,,,
1,2022-05-05,,1,,,,,
1,2022-05-05,,1,,,,,
1,2022-05-05,,1,,,,,
1,2022-05-05,,1,,,,,
1,2022-05-05,,1,,,,,
1,2022-05-05,,,,,,,1
1,2022-05-05,,,,,,,1
1,2022-05-05,,,,,,,1
1,2022-05-05,,,3,,,,
1,2022-05-05,,,3,,,,
1,2022-05-05,,,3,,,,
1,2022-05-05,,,2,,,,
1,2022-05-05,,,1,,,,
1,2022-05-05,,,2,,,,
1,2022-05-05,,,4,,,,
1,2022-05-05,,,,,,1,
1,2022-05-05,,,,,,1,
1,2022-05-05,,,,,,1,
1,2022-05-05,,,,,,1,
1,2022-05-05,,,,,,1,
1,2022-05-05,,,,,07:59:36,,
1,2022-05-05,,,,18:01:41,,,
1,2022-05-06,6,,,,,,
1,2022-05-06,,1,,,,,
1,2022-05-06,,1,,,,,
1,2022-05-06,,1,,,,,
1,2022-05-06,,1,,,,,
1,2022-05-06,,1,,,,,
1,2022-05-06,,1,,,,,
1,2022-05-06,,,,,,,1
1,2022-05-06,,,,,,,1
1,2022-05-06,,,,,,,1
1,2022-05-06,,,,,,,1
1,2022-05-06,,,1,,,,
1,2022-05-06,,,3,,,,
1,2022-05-06,,,2,,,,
1,2022-05-06,,,2,,,,
1,2022-05-06,,,2,,,,
1,2022-05-06,,,3,,,,
1,2022-05-06,,,4,,,,
1,2022-05-06,,,,,,1,
1,2022-05-06,,,,,,1,
1,2022-05-06,,,,,,1,
1,2022-05-06,,,,,,1,
1,2022-05-06,,,,,,1,
1,2022-05-06,,,,,,1,
1,2022-05-06,,,,,07:55:33,,
1,2022-05-06,,,,18:07:02,,,
1,2022-05-09,8,,,,,,
1,2022-05-09,,1,,,,,
1,2022-05-09,,1,,,,,
1,2022-05-09,,1,,,,,
1,2022-05-09,,1,,,,,
1,2022-05-09,,,,,,,1
1,2022-05-09,,,,,,,1
1,2022-05-09,,,,,,,1
1,2022-05-09,,,,,,,1
1,2022-05-09,,,3,,,,
1,2022-05-09,,,3,,,,
1,2022-05-09,,,1,,,,
1,2022-05-09,,,2,,,,
1,2022-05-09,,,2,,,,
1,2022-05-09,,,3,,,,
1,2022-05-09,,,4,,,,
1,2022-05-09,,,,,,1,
1,2022-05-09,,,,,,1,
1,2022-05-09,,,,,,1,
1,2022-05-09,,,,,,1,
1,2022-05-09,,,,,,1,
1,2022-05-09,,,,,,1,
1,2022-05-09,,,,,,1,
1,2022-05-09,,,,,,1,
1,2022-05-09,,,,,07:55:33,,
1,2022-05-09,,,,18:04:34,,,
1,2022-05-10,8,,,,,,
1,2022-05-10,,1,,,,,
1,2022-05-10,,1,,,,,
1,2022-05-10,,1,,,,,
1,2022-05-10,,1,,,,,
1,2022-05-10,,,,,,,1
1,2022-05-10,,,,,,,1
1,2022-05-10,,,,,,,1
1,2022-05-10,,,,,,,1
1,2022-05-10,,,1,,,,
1,2022-05-10,,,1,,,,
1,2022-05-10,,,3,,,,
1,2022-05-10,,,3,,,,
1,2022-05-10,,,4,,,,
1,2022-05-10,,,,,,1,
1,2022-05-10,,,,,,1,
1,2022-05-10,,,,,,1,
1,2022-05-10,,,,,,1,
1,2022-05-10,,,,,,1,
1,2022-05-10,,,,,,1,
1,2022-05-10,,,,,,1,
1,2022-05-10,,,,,07:57:03,,
1,2022-05-10,,,,18:09:08,,,
1,2022-05-11,6,,,,,,
1,2022-05-11,,1,,,,,
1,2022-05-11,,1,,,,,
1,2022-05-11,,1,,,,,
1,2022-05-11,,1,,,,,
1,2022-05-11,,1,,,,,
1,2022-05-11,,1,,,,,
1,2022-05-11,,,,,,,1
1,2022-05-11,,,,,,,1
1,2022-05-11,,,,,,,1
1,2022-05-11,,,,,,,1
1,2022-05-11,,,3,,,,
1,2022-05-11,,,3,,,,
1,2022-05-11,,,2,,,,
1,2022-05-11,,,1,,,,
1,2022-05-11,,,2,,,,
1,2022-05-11,,,2,,,,
1,2022-05-11,,,4,,,,
1,2022-05-11,,,,,,1,
1,2022-05-11,,,,,,1,
1,2022-05-11,,,,,,1,
1,2022-05-11,,,,,,1,
1,2022-05-11,,,,,,1,
1,2022-05-11,,,,,,1,
1,2022-05-11,,,,,,1,
1,2022-05-11,,,,,07:58:38,,
1,2022-05-11,,,,18:05:31,,,
1,2022-05-12,6,,,,,,
1,2022-05-12,,1,,,,,
1,2022-05-12,,1,,,,,
1,2022-05-12,,1,,,,,
1,2022-05-12,,1,,,,,
1,2022-05-12,,1,,,,,
1,2022-05-12,,,,,,,1
1,2022-05-12,,,,,,,1
1,2022-05-12,,,,,,,1
1,2022-05-12,,,3,,,,
1,2022-05-12,,,1,,,,
1,2022-05-12,,,3,,,,
1,2022-05-12,,,1,,,,
1,2022-05-12,,,1,,,,
1,2022-05-12,,,4,,,,
1,2022-05-12,,,,,,1,
1,2022-05-12,,,,,,1,
1,2022-05-12,,,,,,1,
1,2022-05-12,,,,,,1,
1,2022-05-12,,,,,,1,
1,2022-05-12,,,,,,1,
1,2022-05-12,,,,,,1,
1,2022-05-12,,,,,,1,
1,2022-05-12,,,,,08:00:13,,
1,2022-05-12,,,,18:03:52,,,
1,2022-05-13,8,,,,,,
1,2022-05-13,,1,,,,,
1,2022-05-13,,1,,,,,
1,2022-05-13,,1,,,,,
1,2022-05-13,,1,,,,,
1,2022-05-13,,1,,,,,
1,2022-05-13,,,,,,,1
1,2022-05-13,,,,,,,1
1,2022-05-13,,,,,,,1
1,2022-05-13,,,,,,,1
1,2022-05-13,,,2,,,,
1,2022-05-13,,,1,,,,
1,2022-05-13,,,1,,,,
1,2022-05-13,,,1,,,,
1,2022-05-13,,,4,,,,
1,2022-05-13,,,,,,1,
1,2022-05-13,,,,,,1,
1,2022-05-13,,,,,,1,
1,2022-05-13,,,,,,1,
1,2022-05-13,,,,,,1,
1,2022-05-13,,,,,,1,
1,2022-05-13,,,,,,1,
1,2022-05-13,,,,,07:58:25,,
1,2022-05-13,,,,18:04:06,,,
1,2022-05-16,4,,,,,,
1,2022-05-16,,1,,,,,
1,2022-05-16,,1,,,,,
1,2022-05-16,,1,,,,,
1,2022-05-16,,1,,,,,
1,2022-05-16,,1,,,,,
1,2022-05-16,,1,,,,,
1,2022-05-16,,,,,,,1
1,2022-05-16,,,,,,,1
1,2022-05-16,,,,,,,1
1,2022-05-16,,,,,,,1
1,2022-05-16,,,1,,,,
1,2022-05-16,,,3,,,,
1,2022-05-16,,,3,,,,
1,2022-05-16,,,2,,,,
1,2022-05-16,,,3,,,,
1,2022-05-16,,,4,,,,
1,2022-05-16,,,,,,1,
1,2022-05-16,,,,,,1,
1,2022-05-16,,,,,,1,
1,2022-05-16,,,,,,1,
1,2022-05-16,,,,,,1,
1,2022-05-16,,,,,08:00:55,,
1,2022-05-16,,,,18:03:27,,,
1,2022-05-17,113,,,,,,
1,2022-05-17,,1,,,,,
1,2022-05-17,,1,,,,,
1,2022-05-17,,1,,,,,
1,2022-05-17,,1,,,,,
1,2022-05-17,,1,,,,,
1,2022-05-17,,1,,,,,
1,2022-05-17,,,,,,,1
1,2022-05-17,,,,,,,1
1,2022-05-17,,,,,,,1
1,2022-05-17,,,1,,,,
1,2022-05-17,,,2,,,,
1,2022-05-17,,,2,,,,
1,2022-05-17,,,3,,,,
1,2022-05-17,,,4,,,,
1,2022-05-17,,,,,,1,
1,2022-05-17,,,,,,1,
1,2022-05-17,,,,,,1,
1,2022-05-17,,,,,,1,
1,2022-05-17,,,,,,1,
1,2022-05-17,,,,,,1,
1,2022-05-17,,,,,,1,
1,2022-05-17,,,,,07:56:33,,
1,2022-05-17,,,,18:02:46,,,
1,2022-05-18,136,,,,,,
1,2022-05-18,,1,,,,,
1,2022-05-18,,1,,,,,
1,2022-05-18,,1,,,,,
1,2022-05-18,,1,,,,,
1,2022-05-18,,1,,,,,
1,2022-05-18,,,,,,,1
1,2022-05-18,,,,,,,1
1,2022-05-18,,,,,,,1
1,2022-05-18,,,,,,,1
1,2022-05-18,,,2,,,,
1,2022-05-18,,,3,,,,
1,2022-05-18,,,1,,,,
1,2022-05-18,,,3,,,,
1,2022-05-18,,,2,,,,
1,2022-05-18,,,3,,,,
1,2022-05-18,,,4,,,,
1,2022-05-18,,,,,,1,
1,2022-05-18,,,,,,1,
1,2022-05-18,,,,,,1,
1,2022-05-18,,,,,,1,
1,2022-05-18,,,,,,1,
1,2022-05-18,,,,,,1,
1,2022-05-18,,,,,07:56:57,,
1,2022-05-18,,,,18:02:44,,,
1,2022-05-19,136,,,,,,
1,2022-05-19,,1,,,,,
1,2022-05-19,,1,,,,,
1,2022-05-19,,1,,,,,
1,2022-05-19,,,,,,,1
1,2022-05-19,,,,,,,1
1,2022-05-19,,,,,,,1
1,2022-05-19,,,,,,,1
1,2022-05-19,,,3,,,,
1,2022-05-19,,,1,,,,
1,2022-05-19,,,1,,,,
1,2022-05-19,,,1,,,,
1,2022-05-19,,,1,,,,
1,2022-05-19,,,4,,,,
1,2022-05-19,,,,,,1,
1,2022-05-19,,,,,,1,
1,2022-05-19,,,,,,1,
1,2022-05-19,,,,,,1,
1,2022-05-19,,,,,,1,
1,2022-05-19,,,,,,1,
1,2022-05-19,,,,,,1,
1,2022-05-19,,,,,,1,
1,2022-05-19,,,,,07:58:34,,
1,2022-05-19,,,,18:01:59,,,
1,2022-05-20,112,,,,,,
1,2022-05-20,,1,,,,,
1,2022-05-20,,1,,,,,
1,2022-05-20,,1,,,,,
1,2022-05-20,,1,,,,,
1,2022-05-20,,,,,,,1
1,2022-05-20,,,,,,,1
1,2022-05-20,,,,,,,1
1,2022-05-20,,,3,,,,
1,2022-05-20,,,2,,,,
1,2022-05-20,,,2,,,,
1,2022-05-20,,,2,,,,
1,2022-05-20,,,3,,,,
1,2022-05-20,,,4,,,,
1,2022-05-20,,,,,,1,
1,2022-05-20,,,,,,1,
1,2022-05-20,,,,,,1,
1,2022-05-20,,,,,,1,
1,2022-05-20,,,,,,1,
1,2022-05-20,,,,,,1,
1,2022-05-20,,,,,,1,
1,2022-05-20,,,,,07:56:48,,
1,2022-05-20,,,,18:05:17,,,
1,2022-05-23,78,,,,,,
1,2022-05-23,,1,,,,,
1,2022-05-23,,1,,,,,
1,2022-05-23,,1,,,,,
1,2022-05-23,,,,,,,1
1,2022-05-23,,,,,,,1
1,2022-05-23,,,,,,,1
1,2022-05-23,,,1,,,,
1,2022-05-23,,,2,,,,
1,2022-05-23,,,2,,,,
1,2022-05-23,,,1,,,,
1,2022-05-23,,,4,,,,
1,2022-05-23,,,,,,1,
1,2022-05-23,,,,,,1,
1,2022-05-23,,,,,,1,
1,2022-05-23,,,,,,1,
1,2022-05-23,,,,,,1,
1,2022-05-23,,,,,,1,
1,2022-05-23,,,,,07:57:26,,
1,2022-05-23,,,,18:08:51,,,
1,2022-05-24,136,,,,,,
1,2022-05-24,,1,,,,,
1,2022-05-24,,1,,,,,
1,2022-05-24,,1,,,,,
1,2022-05-24,,1,,,,,
1,2022-05-24,,1,,,,,
1,2022-05-24,,1,,,,,
1,2022-05-24,,,,,,,1
1,2022-05-24,,,,,,,1
1,2022-05-24,,,,,,,1
1,2022-05-24,,,,,,,1
1,2022-05-24,,,3,,,,
1,2022-05-24,,,1,,,,
1,2022-05-24,,,1,,,,
1,2022-05-24,,,3,,,,
1,2022-05-24,,,2,,,,
1,2022-05-24,,,4,,,,
1,2022-05-24,,,,,,1,
1,2022-05-24,,,,,,1,
1,2022-05-24,,,,,,1,
1,2022-05-24,,,,,,1,
1,2022-05-24,,,,,,1,
1,2022-05-24,,,,,,1,
1,2022-05-24,,,,,,1,
1,2022-05-24,,,,,07:55:13,,
1,2022-05-24,,,,18:02:26,,,
1,2022-05-25,113,,,,,,
1,2022-05-25,,1,,,,,
1,2022-05-25,,1,,,,,
1,2022-05-25,,1,,,,,
1,2022-05-25,,1,,,,,
1,2022-05-25,,1,,,,,
1,2022-05-25,,,,,,,1
1,2022-05-25,,,,,,,1
1,2022-05-25,,,,,,,1
1,2022-05-25,,,,,,,1
1,2022-05-25,,,2,,,,
1,2022-05-25,,,3,,,,
1,2022-05-25,,,1,,,,
1,2022-05-25,,,3,,,,
1,2022-05-25,,,2,,,,
1,2022-05-25,,,1,,,,
1,2022-05-25,,,4,,,,
1,2022-05-25,,,,,,1,
1,2022-05-25,,,,,,1,
1,2022-05-25,,,,,,1,
1,2022-05-25,,,,,,1,
1,2022-05-25,,,,,,1,
1,2022-05-25,,,,,,1,
1,2022-05-25,,,,,,1,
1,2022-05-25,,,,,08:00:19,,
1,2022-05-25,,,,18:02:40,,,
1,2022-05-26,59,,,,,,
1,2022-05-26,,1,,,,,
1,2022-05-26,,1,,,,,
1,2022-05-26,,1,,,,,
1,2022-05-26,,1,,,,,
1,2022-05-26,,1,,,,,
1,2022-05-26,,,,,,,1
1,2022-05-26,,,,,,,1
1,2022-05-26,,,,,,,1
1,2022-05-26,,,1,,,,
1,2022-05-26,,,1,,,,
1,2022-05-26,,,1,,,,
1,2022-05-26,,,3,,,,
1,2022-05-26,,,1,,,,
1,2022-05-26,,,1,,,,
1,2022-05-26,,,4,,,,
1,2022-05-26,,,,,,1,
1,2022-05-26,,,,,,1,
1,2022-05-26,,,,,,1,
1,2022-05-26,,,,,,1,
1,2022-05-26,,,,,,1,
1,2022-05-26,,,,,,1,
1,2022-05-26,,,,,08:00:13,,
1,2022-05-26,,,,18:03:42,,,
1,2022-05-27,93,,,,,,
1,2022-05-27,,1,,,,,
1,2022-05-27,,1,,,,,
1,2022-05-27,,1,,,,,
1,2022-05-27,,1,,,,,
1,2022-05-27,,1,,,,,
1,2022-05-27,,1,,,,,
1,2022-05-27,,,,,,,1
1,2022-05-27,,,,,,,1
1,2022-05-27,,,,,,,1
1,2022-05-27,,,1,,,,
1,2022-05-27,,,1,,,,
1,2022-05-27,,,1,,,,
1,2022-05-27,,,3,,,,
1,2022-05-27,,,4,,,,
1,2022-05-27,,,,,,1,
1,2022-05-27,,,,,,1,
1,2022-05-27,,,,,,1,
1,2022-05-27,,,,,,1,
1,2022-05-27,,,,,,1,
1,2022-05-27,,,,,,1,
1,2022-05-27,,,,,08:00:55,,
1,2022-05-27,,,,18:05:25,,,
1,2022-05-30,136,,,,,,
1,2022-05-30,,1,,,,,
1,2022-05-30,,1,,,,,
1,2022-05-30,,1,,,,,
1,2022-05-30,,1,,,,,
1,2022-05-30,,,,,,,1
1,2022-05-30,,,,,,,1
1,2022-05-30,,,,,,,1
1,2022-05-30,,,3,,,,
1,2022-05-30,,,3,,,,
1,2022-05-30,,,2,,,,
1,2022-05-30,,,3,,,,
1,2022-05-30,,,1,,,,
1,2022-05-30,,,4,,,,
1,2022-05-30,,,,,,1,
1,2022-05-30,,,,,,1,
1,2022-05-30,,,,,,1,
1,2022-05-30,,,,,,1,
1,2022-05-30,,,,,,1,
1,2022-05-30,,,,,08:00:07,,
1,2022-05-30,,,,18:07:51,,,
1,2022-05-31,147,,,,,,
1,2022-05-31,,1,,,,,
1,2022-05-31,,1,,,,,
1,2022-05-31,,1,,,,,
1,2022-05-31,,1,,,,,
1,2022-05-31,,1,,,,,
1,2022-05-31,,,,,,,1
1,2022-05-31,,,,,,,1
1,2022-05-31,,,,,,,1
1,2022-05-31,,,3,,,,
1,2022-05-31,,,2,,,,
1,2022-05-31,,,3,,,,
1,2022-05-31,,,2,,,,
1,2022-05-31,,,4,,,,
1,2022-05-31,,,,,,1,
1,2022-05-31,,,,,,1,
1,2022-05-31,,,,,,1,
1,2022-05-31,,,,,,1,
1,2022-05-31,,,,,,1,
1,2022-05-31,,,,,07:56:25,,
1,2022-05-31,,,,18:01:43,,,
1,2022-06-01,147,,,,,,
1,2022-06-01,,1,,,,,
1,2022-06-01,,1,,,,,
1,2022-06-01,,1,,,,,
1,2022-06-01,,,,,,,1
1,2022-06-01,,,,,,,1
1,2022-06-01,,,,,,,1
1,2022-06-01,,,2,,,,
1,2022-06-01,,,3,,,,
1,2022-06-01,,,1,,,,
1,2022-06-01,,,1,,,,
1,2022-06-01,,,1,,,,
1,2022-06-01,,,1,,,,
1,2022-06-01,,,4,,,,
1,2022-06-01,,,,,,1,
1,2022-06-01,,,,,,1,
1,2022-06-01,,,,,,1,
1,2022-06-01,,,,,,1,
1,2022-06-01,,,,,,1,
1,2022-06-01,,,,,,1,
1,2022-06-01,,,,,,1,
1,2022-06-01,,,,,08:00:33,,
1,2022-06-01,,,,18:02:55,,,
1,2022-06-02,136,,,,,,
1,2022-06-02,,1,,,,,
1,2022-06-02,,1,,,,,
1,2022-06-02,,1,,,,,
1,2022-06-02,,1,,,,,
1,2022-06-02,,1,,,,,
1,2022-06-02,,,,,,,1
1,2022-06-02,,,,,,,1
1,2022-06-02,,,,,,,1
1,2022-06-02,,,,,,,1
1,2022-06-02,,,2,,,,
1,2022-06-02,,,3,,,,
1,2022-06-02,,,3,,,,
1,2022-06-02,,,1,,,,
1,2022-06-02,,,4,,,,
1,2022-06-02,,,,,,1,
1,2022-06-02,,,,,,1,
1,2022-06-02,,,,,,1,
1,2022-06-02,,,,,,1,
1,2022-06-02,,,,,,1,
1,2022-06-02,,,,,07:57:31,,
1,2022-06-02,,,,18:09:04,,,
1,2022-06-03,82,,,,,,
1,2022-06-03,,1,,,,,
1,2022-06-03,,1,,,,,
1,2022-06-03,,1,,,,,
1,2022-06-03,,1,,,,,
1,2022-06-03,,1,,,,,
1,2022-06-03,,1,,,,,
1,2022-06-03,,,,,,,1
1,2022-06-03,,,,,,,1
1,2022-06-03,,,,,,,1
1,2022-06-03,,,2,,,,
1,2022-06-03,,,1,,,,
1,2022-06-03,,,3,,,,
1,2022-06-03,,,1,,,,
1,2022-06-03,,,4,,,,
1,2022-06-03,,,,,,1,
1,2022-06-03,,,,,,1,
1,2022-06-03,,,,,,1,
1,2022-06-03,,,,,,1,
1,2022-06-03,,,,,,1,
1,2022-06-03,,,,,,1,
1,2022-06-03,,,,,07:57:30,,
1,2022-06-03,,,,18:06:26,,,
1,2022-06-06,82,,,,,,
1,2022-06-06,,1,,,,,
1,2022-06-06,,1,,,,,
1,2022-06-06,,1,,,,,
1,2022-06-06,,1,,,,,
1,2022-06-06,,1,,,,,
1,2022-06-06,,,,,,,1
1,2022-06-06,,,,,,,1
1,2022-06-06,,,,,,,1
1,2022-06-06,,,,,,,1
1,2022-06-06,,,3,,,,
1,2022-06-06,,,1,,,,
1,2022-06-06,,,1,,,,
1,2022-06-06,,,3,,,,
1,2022-06-06,,,4,,,,
1,2022-06-06,,,,,,1,
1,2022-06-06,,,,,,1,
1,2022-06-06,,,,,,1,
1,2022-06-06,,,,,,1,
1,2022-06-06,,,,,,1,
1,2022-06-06,,,,,,1,
1,2022-06-06,,,,,,1,
1,2022-06-06,,,,,,1,
1,2022-06-06,,,,,08:00:51,,
1,2022-06-06,,,,18:04:04,,,
1,2022-06-07,113,,,,,,
1,2022-06-07,,1,,,,,
1,2022-06-07,,1,,,,,
1,2022-06-07,,1,,,,,
1,2022-06-07,,1,,,,,
1,2022-06-07,,1,,,,,
1,2022-06-07,,1,,,,,
1,2022-06-07,,,,,,,1
1,2022-06-07,,,,,,,1
1,2022-06-07,,,,,,,1
1,2022-06-07,,,,,,,1
1,2022-06-07,,,1,,,,
1,2022-06-07,,,3,,,,
1,2022-06-07,,,3,,,,
1,2022-06-07,,,1,,,,
1,2022-06-07,,,3,,,,
1,2022-06-07,,,2,,,,
1,2022-06-07,,,4,,,,
1,2022-06-07,,,,,,1,
1,2022-06-07,,,,,,1,
1,2022-06-07,,,,,,1,
1,2022-06-07,,,,,,1,
1,2022-06-07,,,,,,1,
1,2022-06-07,,,,,,1,
1,2022-06-07,,,,,,1,
1,2022-06-07,,,,,07:57:16,,
1,2022-06-07,,,,18:03:09,,,
1,2022-06-08,113,,,,,,
1,2022-06-08,,1,,,,,
1,2022-06-08,,1,,,,,
1,2022-06-08,,1,,,,,
1,2022-06-08,,1,,,,,
1,2022-06-08,,,,,,,1
1,2022-06-08,,,,,,,1
1,2022-06-08,,,,,,,1
1,2022-06-08,,,,,,,1
1,2022-06-08,,,3,,,,
1,2022-06-08,,,2,,,,
1,2022-06-08,,,3,,,,
1,2022-06-08,,,1,,,,
1,2022-06-08,,,4,,,,
1,2022-06-08,,,,,,1,
1,2022-06-08,,,,,,1,
1,2022-06-08,,,,,,1,
1,2022-06-08,,,,,,1,
1,2022-06-08,,,,,,1,
1,2022-06-08,,,,,,1,
1,2022-06-08,,,,,,1,
1,2022-06-08,,,,,07:55:59,,
1,2022-06-08,,,,18:05:21,,,
1,2022-06-09,113,,,,,,
1,2022-06-09,,1,,,,,
1,2022-06-09,,1,,,,,
1,2022-06-09,,1,,,,,
1,2022-06-09,,1,,,,,
1,2022-06-09,,,,,,,1
1,2022-06-09,,,,,,,1
1,2022-06-09,,,,,,,1
1,2022-06-09,,,1,,,,
1,2022-06-09,,,3,,,,
1,2022-06-09,,,1,,,,
1,2022-06-09,,,1,,,,
1,2022-06-09,,,2,,,,
1,2022-06-09,,,4,,,,
1,2022-06-09,,,,,,1,
1,2022-06-09,,,,,,1,
1,2022-06-09,,,,,,1,
1,2022-06-09,,,,,,1,
1,2022-06-09,,,,,,1,
1,2022-06-09,,,,,,1,
1,2022-06-09,,,,,07:55:05,,
1,2022-06-09,,,,18:05:30,,,
1,2022-06-10,15,,,,,,
1,2022-06-10,,1,,,,,
1,2022-06-10,,1,,,,,
1,2022-06-10,,1,,,,,
1,2022-06-10,,1,,,,,
1,2022-06-10,,1,,,,,
1,2022-06-10,,,,,,,1
1,2022-06-10,,,,,,,1
1,2022-06-10,,,,,,,1
1,2022-06-10,,,1,,,,
1,2022-06-10,,,2,,,,
1,2022-06-10,,,3,,,,
1,2022-06-10,,,3,,,,
1,2022-06-10,,,4,,,,
1,2022-06-10,,,,,,1,
1,2022-06-10,,,,,,1,
1,2022-06-10,,,,,,1,
1,2022-06-10,,,,,,1,
1,2022-06-10,,,,,,1,
1,2022-06-10,,,,,07:55:44,,
1,2022-06-10,,,,18:04:10,,,
1,2022-06-13,11,,,,,,
1,2022-06-13,,1,,,,,
1,2022-06-13,,1,,,,,
1,2022-06-13,,1,,,,,
1,2022-06-13,,1,,,,,
1,2022-06-13,,1,,,,,
1,2022-06-13,,,,,,,1
1,2022-06-13,,,,,,,1
1,2022-06-13,,,,,,,1
1,2022-06-13,,,,,,,1
1,2022-06-13,,,1,,,,
1,2022-06-13,,,2,,,,
1,2022-06-13,,,3,,,,
1,2022-06-13,,,2,,,,
1,2022-06-13,,,3,,,,
1,2022-06-13,,,4,,,,
1,2022-06-13,,,,,,1,
1,2022-06-13,,,,,,1,
1,2022-06-13,,,,,,1,
1,2022-06-13,,,,,,1,
1,2022-06-13,,,,,,1,
1,2022-06-13,,,,,,1,
1,2022-06-13,,,,,,1,
1,2022-06-13,,,,,07:59:06,,
1,2022-06-13,,,,18:06:45,,,
1,2022-06-14,20,,,,,,
1,2022-06-14,,1,,,,,
1,2022-06-14,,1,,,,,
1,2022-06-14,,1,,,,,
1,2022-06-14,,1,,,,,
1,2022-06-14,,,,,,,1
1,2022-06-14,,,,,,,1
1,2022-06-14,,,,,,,1
1,2022-06-14,,,3,,,,
1,2022-06-14,,,1,,,,
1,2022-06-14,,,1,,,,
1,2022-06-14,,,2,,,,
1,2022-06-14,,,4,,,,
1,2022-06-14,,,,,,1,
1,2022-06-14,,,,,,1,
1,2022-06-14,,,,,,1,
1,2022-06-14,,,,,,1,
1,2022-06-14,,,,,,1,
1,2022-06-14,,,,,,1,
1,2022-06-14,,,,,07:58:34,,
1,2022-06-14,,,,18:05:50,,,
1,2022-06-15,13,,,,,,
1,2022-06-15,,1,,,,,
1,2022-06-15,,1,,,,,
1,2022-06-15,,1,,,,,
1,2022-06-15,,1,,,,,
1,2022-06-15,,1,,,,,
1,2022-06-15,,1,,,,,
1,2022-06-15,,,,,,,1
1,2022-06-15,,,,,,,1
1,2022-06-15,,,,,,,1
1,2022-06-15,,,1,,,,
1,2022-06-15,,,3,,,,
1,2022-06-15,,,2,,,,
1,2022-06-15,,,3,,,,
1,2022-06-15,,,2,,,,
1,2022-06-15,,,2,,,,
1,2022-06-15,,,4,,,,
1,2022-06-15,,,,,,1,
1,2022-06-15,,,,,,1,
1,2022-06-15,,,,,,1,
1,2022-06-15,,,,,,1,
1,2022-06-15,,,,,,1,
1,2022-06-15,,,,,07:55:02,,
1,2022-06-15,,,,18:02:56,,,
1,2022-06-16,13,,,,,,
1,2022-06-16,,1,,,,,
1,2022-06-16,,1,,,,,
1,2022-06-16,,1,,,,,
1,2022-06-16,,,,,,,1
1,2022-06-16,,,,,,,1
1,2022-06-16,,,,,,,1
1,2022-06-16,,,3,,,,
1,2022-06-16,,,3,,,,
1,2022-06-16,,,1,,,,
1,2022-06-16,,,2,,,,
1,2022-06-16,,,2,,,,
1,2022-06-16,,,4,,,,
1,2022-06-16,,,,,,1,
1,2022-06-16,,,,,,1,
1,2022-06-16,,,,,,1,
1,2022-06-16,,,,,,1,
1,2022-06-16,,,,,,1,
1,2022-06-16,,,,,,1,
1,2022-06-16,,,,,08:00:05,,
1,2022-06-16,,,,18:10:36,,,
1,2022-06-17,8,,,,,,
1,2022-06-17,,1,,,,,
1,2022-06-17,,1,,,,,
1,2022-06-17,,1,,,,,
1,2022-06-17,,1,,,,,
1,2022-06-17,,,,,,,1
1,2022-06-17,,,,,,,1
1,2022-06-17,,,,,,,1
1,2022-06-17,,,,,,,1
1,2022-06-17,,,1,,,,
1,2022-06-17,,,1,,,,
1,2022-06-17,,,3,,,,
1,2022-06-17,,,3,,,,
1,2022-06-17,,,4,,,,
1,2022-06-17,,,,,,1,
1,2022-06-17,,,,,,1,
1,2022-06-17,,,,,,1,
1,2022-06-17,,,,,,1,
1,2022-06-17,,,,,,1,
1,2022-06-17,,,,,07:57:38,,
1,2022-06-17,,,,18:01:36,,,
1,2022-06-20,13,,,,,,
1,2022-06-20,,1,,,,,
1,2022-06-20,,1,,,,,
1,2022-06-20,,1,,,,,
1,2022-06-20,,,,,,,1
1,2022-06-20,,,,,,,1
1,2022-06-20,,,,,,,1
1,2022-06-20,,,,,,,1
1,2022-06-20,,,1,,,,
1,2022-06-20,,,2,,,,
1,2022-06-20,,,2,,,,
1,2022-06-20,,,3,,,,
1,2022-06-20,,,1,,,,
1,2022-06-20,,,3,,,,
1,2022-06-20,,,4,,,,
1,2022-06-20,,,,,,1,
1,2022-06-20,,,,,,1,
1,2022-06-20,,,,,,1,
1,2022-06-20,,,,,,1,
1,2022-06-20,,,,,,1,
1,2022-06-20,,,,,,1,
1,2022-06-20,,,,,08:00:36,,
1,2022-06-20,,,,18:01:07,,,
1,2022-06-21,20,,,,,,
1,2022-06-21,,1,,,,,
1,2022-06-21,,1,,,,,
1,2022-06-21,,1,,,,,
1,2022-06-21,,1,,,,,
1,2022-06-21,,1,,,,,
1,2022-06-21,,1,,,,,
1,2022-06-21,,,,,,,1
1,2022-06-21,,,,,,,1
1,2022-06-21,,,,,,,1
1,2022-06-21,,,2,,,,
1,2022-06-21,,,2,,,,
1,2022-06-21,,,2,,,,
1,2022-06-21,,,2,,,,
1,2022-06-21,,,4,,,,
1,2022-06-21,,,,,,1,
1,2022-06-21,,,,,,1,
1,2022-06-21,,,,,,1,
1,2022-06-21,,,,,,1,
1,2022-06-21,,,,,,1,
1,2022-06-21,,,,,,1,
1,2022-06-21,,,,,,1,
1,2022-06-21,,,,,,1,
1,2022-06-21,,,,,07:55:28,,
1,2022-06-21,,,,18:08:46,,,
1,2022-06-22,11,,,,,,
1,2022-06-22,,1,,,,,
1,2022-06-22,,1,,,,,
1,2022-06-22,,1,,,,,
1,2022-06-22,,1,,,,,
1,2022-06-22,,,,,,,1
1,2022-06-22,,,,,,,1
1,2022-06-22,,,,,,,1
1,2022-06-22,,,2,,,,
1,2022-06-22,,,1,,,,
1,2022-06-22,,,1,,,,
1,2022-06-22,,,1,,,,
1,2022-06-22,,,1,,,,
1,2022-06-22,,,2,,,,
1,2022-06-22,,,4,,,,
1,2022-06-22,,,,,,1,
1,2022-06-22,,,,,,1,
1,2022-06-22,,,,,,1,
1,2022-06-22,,,,,,1,
1,2022-06-22,,,,,,1,
1,2022-06-22,,,,,,1,
1,2022-06-22,,,,,,1,
1,2022-06-22,,,,,08:00:49,,
1,2022-06-22,,,,18:10:27,,,
1,2022-06-23,15,,,,,,
1,2022-06-23,,1,,,,,
1,2022-06-23,,1,,,,,
1,2022-06-23,,1,,,,,
1,2022-06-23,,1,,,,,
1,2022-06-23,,1,,,,,
1,2022-06-23,,1,,,,,
1,2022-06-23,,,,,,,1
1,2022-06-23,,,,,,,1
1,2022-06-23,,,,,,,1
1,2022-06-23,,,1,,,,
1,2022-06-23,,,1,,,,
1,2022-06-23,,,1,,,,
1,2022-06-23,,,1,,,,
1,2022-06-23,,,4,,,,
1,2022-06-23,,,,,,1,
1,2022-06-23,,,,,,1,
1,2022-06-23,,,,,,1,
1,2022-06-23,,,,,,1,
1,2022-06-23,,,,,,1,
1,2022-06-23,,,,,,1,
1,2022-06-23,,,,,,1,
1,2022-06-23,,,,,07:57:30,,
1,2022-06-23,,,,18:06:50,,,
1,2022-06-24,16,,,,,,
1,2022-06-24,,1,,,,,
1,2022-06-24,,1,,,,,
1,2022-06-24,,1,,,,,
1,2022-06-24,,,,,,,1
1,2022-06-24,,,,,,,1
1,2022-06-24,,,,,,,1
1,2022-06-24,,,2,,,,
1,2022-06-24,,,1,,,,
1,2022-06-24,,,2,,,,
1,2022-06-24,,,3,,,,
1,2022-06-24,,,1,,,,
1,2022-06-24,,,4,,,,
1,2022-06-24,,,,,,1,
1,2022-06-24,,,,,,1,
1,2022-06-24,,,,,,1,
1,2022-06-24,,,,,,1,
1,2022-06-24,,,,,,1,
1,2022-06-24,,,,,07:55:59,,
1,2022-06-24,,,,18:02:13,,,
1,2022-06-27,12,,,,,,
1,2022-06-27,,1,,,,,
1,2022-06-27,,1,,,,,
1,2022-06-27,,1,,,,,
1,2022-06-27,,,,,,,1
1,2022-06-27,,,,,,,1
1,2022-06-27,,,,,,,1
1,2022-06-27,,,1,,,,
1,2022-06-27,,,3,,,,
1,2022-06-27,,,1,,,,
1,2022-06-27,,,2,,,,
1,2022-06-27,,,4,,,,
1,2022-06-27,,,,,,1,
1,2022-06-27,,,,,,1,
1,2022-06-27,,,,,,1,
1,2022-06-27,,,,,,1,
1,2022-06-27,,,,,,1,
1,2022-06-27,,,,,,1,
1,2022-06-27,,,,,,1,
1,2022-06-27,,,,,07:58:34,,
1,2022-06-27,,,,18:07:51,,,
1,2022-06-28,13,,,,,,
1,2022-06-28,,1,,,,,
1,2022-06-28,,1,,,,,
1,2022-06-28,,1,,,,,
1,2022-06-28,,,,,,,1
1,2022-06-28,,,,,,,1
1,2022-06-28,,,,,,,1
1,2022-06-28,,,3,,,,
1,2022-06-28,,,3,,,,
1,2022-06-28,,,2,,,,
1,2022-06-28,,,3,,,,
1,2022-06-28,,,3,,,,
1,2022-06-28,,,2,,,,
1,2022-06-28,,,4,,,,
1,2022-06-28,,,,,,1,
1,2022-06-28,,,,,,1,
1,2022-06-28,,,,,,1,
1,2022-06-28,,,,,,1,
1,2022-06-28,,,,,,1,
1,2022-06-28,,,,,,1,
1,2022-06-28,,,,,,1,
1,2022-06-28,,,,,07:59:07,,
1,2022-06-28,,,,18:07:26,,,
1,2022-06-29,13,,,,,,
1,2022-06-29,,1,,,,,
1,2022-06-29,,1,,,,,
1,2022-06-29,,1,,,,,
1,2022-06-29,,1,,,,,
1,2022-06-29,,1,,,,,
1,2022-06-29,,,,,,,1
1,2022-06-29,,,,,,,1
1,2022-06-29,,,,,,,1
1,2022-06-29,,,,,,,1
1,2022-06-29,,,1,,,,
1,2022-06-29,,,3,,,,
1,2022-06-29,,,1,,,,
1,2022-06-29,,,2,,,,
1,2022-06-29,,,4,,,,
1,2022-06-29,,,,,,1,
1,2022-06-29,,,,,,1,
1,2022-06-29,,,,,,1,
1,2022-06-29,,,,,,1,
1,2022-06-29,,,,,,1,
1,2022-06-29,,,,,,1,
1,2022-06-29,,,,,,1,
1,2022-06-29,,,,,08:00:12,,
1,2022-06-29,,,,18:01:36,,,
1,2022-06-30,15,,,,,,
1,2022-06-30,,1,,,,,
1,2022-06-30,,1,,,,,
1,2022-06-30,,1,,,,,
1,2022-06-30,,1,,,,,
1,2022-06-30,,1,,,,,
1,2022-06-30,,,,,,,1
1,2022-06-30,,,,,,,1
1,2022-06-30,,,,,,,1
1,2022-06-30,,,3,,,,
1,2022-06-30,,,1,,,,
1,2022-06-30,,,2,,,,
1,2022-06-30,,,3,,,,
1,2022-06-30,,,1,,,,
1,2022-06-30,,,4,,,,
1,2022-06-30,,,,,,1,
1,2022-06-30,,,,,,1,
1,2022-06-30,,,,,,1,
1,2022-06-30,,,,,,1,
1,2022-06-30,,,,,,1,
1,2022-06-30,,,,,,1,
1,2022-06-30,,,,,07:56:34,,
1,2022-06-30,,,,18:02:05,,,
1,2022-07-01,15,,,,,,
1,2022-07-01,,1,,,,,
1,2022-07-01,,1,,,,,
1,2022-07-01,,1,,,,,
1,2022-07-01,,1,,,,,
1,2022-07-01,,1,,,,,
1,2022-07-01,,,,,,,1
1,2022-07-01,,,,,,,1
1,2022-07-01,,,,,,,1
1,2022-07-01,,,,,,,1
1,2022-07-01,,,2,,,,
1,2022-07-01,,,3,,,,
1,2022-07-01,,,3,,,,
1,2022-07-01,,,1,,,,
1,2022-07-01,,,1,,,,
1,2022-07-01,,,4,,,,
1,2022-07-01,,,,,,1,
1,2022-07-01,,,,,,1,
1,2022-07-01,,,,,,1,
1,2022-07-01,,,,,,1,
1,2022-07-01,,,,,,1,
1,2022-07-01,,,,,,1,
1,2022-07-01,,,,,,1,
1,2022-07-01,,,,,07:55:19,,
1,2022-07-01,,,,18:04:41,,,
